,open_time,close_time,open_price,high_price,low_price,close_price,volume,quote_volume
0,2020-12-20 00:00:00,2020-12-20 01:00:00,0.181734,0.181734,0.177514,0.179501,6299177,1129487.08528
1,2020-12-20 01:00:00,2020-12-20 02:00:00,0.179508,0.179882,0.178452,0.178639,3695257,661969.116209
2,2020-12-20 02:00:00,2020-12-20 03:00:00,0.178628,0.179008,0.1777,0.178636,3441486,614267.117818
3,2020-12-20 03:00:00,2020-12-20 04:00:00,0.17864,0.179185,0.1775,0.17785,2923056,520999.753996
4,2020-12-20 04:00:00,2020-12-20 05:00:00,0.177784,0.178662,0.175,0.177915,8622425,1520648.132392
5,2020-12-20 05:00:00,2020-12-20 06:00:00,0.177915,0.179997,0.177675,0.179439,3422392,613018.596788
6,2020-12-20 06:00:00,2020-12-20 07:00:00,0.179397,0.180253,0.178593,0.180081,1403539,252068.007608
7,2020-12-20 07:00:00,2020-12-20 08:00:00,0.180059,0.181331,0.179376,0.181168,2940388,529832.257329
8,2020-12-20 08:00:00,2020-12-20 09:00:00,0.18124,0.182142,0.1803,0.181571,2975207,539150.222989
9,2020-12-20 09:00:00,2020-12-20 10:00:00,0.18171,0.182124,0.180414,0.181143,3491582,632120.78394
10,2020-12-20 10:00:00,2020-12-20 11:00:00,0.181138,0.181698,0.178594,0.17872,2429611,438173.940104
11,2020-12-20 11:00:00,2020-12-20 12:00:00,0.17869,0.179611,0.178683,0.178964,2039224,365299.886416
12,2020-12-20 12:00:00,2020-12-20 13:00:00,0.178916,0.17909,0.17643,0.17826,1629798,290265.512225
13,2020-12-20 13:00:00,2020-12-20 14:00:00,0.178256,0.178611,0.1764,0.178291,2372089,420732.952647
14,2020-12-20 14:00:00,2020-12-20 15:00:00,0.178191,0.179733,0.177885,0.178652,3337760,596635.086007
15,2020-12-20 15:00:00,2020-12-20 16:00:00,0.1786,0.1798,0.178492,0.179646,5242852,940232.140333
16,2020-12-20 16:00:00,2020-12-20 17:00:00,0.179554,0.18,0.177975,0.178,4220754,754451.672096
17,2020-12-20 17:00:00,2020-12-20 18:00:00,0.178107,0.178717,0.17795,0.178136,2562020,456931.502681
18,2020-12-20 18:00:00,2020-12-20 19:00:00,0.178136,0.179798,0.177271,0.179423,2955872,527630.016043
19,2020-12-20 19:00:00,2020-12-20 20:00:00,0.179383,0.17959,0.177742,0.179475,6139575,1096212.055864
20,2020-12-20 20:00:00,2020-12-20 21:00:00,0.179494,0.182609,0.178801,0.181482,6667461,1205594.603293
21,2020-12-20 21:00:00,2020-12-20 22:00:00,0.181557,0.182655,0.17734,0.178866,10991176,1976667.067188
22,2020-12-20 22:00:00,2020-12-20 23:00:00,0.178815,0.178815,0.173922,0.175831,14356215,2520786.791383
23,2020-12-20 23:00:00,2020-12-21 00:00:00,0.176,0.177379,0.1752,0.176633,4383985,771423.892086
24,2020-12-21 00:00:00,2020-12-21 01:00:00,0.176583,0.178819,0.174452,0.178267,3939812,697466.833408
25,2020-12-21 01:00:00,2020-12-21 02:00:00,0.178287,0.178726,0.17695,0.177059,2438300,433599.525053
26,2020-12-21 02:00:00,2020-12-21 03:00:00,0.177147,0.1781,0.176893,0.177154,2671627,474182.762184
27,2020-12-21 03:00:00,2020-12-21 04:00:00,0.17726,0.178993,0.176881,0.178549,3510537,625164.338714
28,2020-12-21 04:00:00,2020-12-21 05:00:00,0.178435,0.1804,0.17816,0.178401,3309948,593007.041502
29,2020-12-21 05:00:00,2020-12-21 06:00:00,0.178507,0.179048,0.176,0.1761,2999940,532426.385635
30,2020-12-21 06:00:00,2020-12-21 07:00:00,0.176175,0.17795,0.175469,0.177891,1557005,275134.165465
31,2020-12-21 07:00:00,2020-12-21 08:00:00,0.177891,0.177899,0.176548,0.177451,1028664,182299.4592
32,2020-12-21 08:00:00,2020-12-21 09:00:00,0.177519,0.178007,0.174113,0.174187,3088126,541729.659288
33,2020-12-21 09:00:00,2020-12-21 10:00:00,0.174187,0.174984,0.170294,0.171389,7456716,1288399.514034
34,2020-12-21 10:00:00,2020-12-21 11:00:00,0.171512,0.172088,0.1623,0.163302,14790709,2457273.047292
35,2020-12-21 11:00:00,2020-12-21 12:00:00,0.163263,0.166181,0.162586,0.164925,5143801,849575.540843
36,2020-12-21 12:00:00,2020-12-21 13:00:00,0.165031,0.165031,0.159977,0.162178,14874077,2404759.4645
37,2020-12-21 13:00:00,2020-12-21 14:00:00,0.162319,0.166081,0.161538,0.165729,10288301,1695314.259522
38,2020-12-21 14:00:00,2020-12-21 15:00:00,0.165664,0.167983,0.164245,0.167748,8107060,1344074.849337
39,2020-12-21 15:00:00,2020-12-21 16:00:00,0.167641,0.1679,0.165652,0.165904,5622390,935434.076523
40,2020-12-21 16:00:00,2020-12-21 17:00:00,0.165903,0.167819,0.164437,0.166932,5854544,972255.97358
41,2020-12-21 17:00:00,2020-12-21 18:00:00,0.166931,0.166931,0.163225,0.164911,6095898,1004768.05974
42,2020-12-21 18:00:00,2020-12-21 19:00:00,0.164909,0.16571,0.162632,0.164133,6610500,1085052.418288
43,2020-12-21 19:00:00,2020-12-21 20:00:00,0.164181,0.16562,0.163422,0.164594,3224626,530471.375165
44,2020-12-21 20:00:00,2020-12-21 21:00:00,0.164609,0.165616,0.163596,0.164839,3538113,583305.007213
45,2020-12-21 21:00:00,2020-12-21 22:00:00,0.16482,0.167266,0.163822,0.166985,4605571,764260.420633
46,2020-12-21 22:00:00,2020-12-21 23:00:00,0.166985,0.168626,0.166307,0.168003,4849658,811991.459192
47,2020-12-21 23:00:00,2020-12-22 00:00:00,0.16812,0.1687,0.165158,0.165169,5409363,906681.566413
48,2020-12-22 00:00:00,2020-12-22 01:00:00,0.165231,0.166783,0.162214,0.162375,5756509,948385.192637
49,2020-12-22 01:00:00,2020-12-22 02:00:00,0.162327,0.16364,0.159288,0.159311,16408770,2641653.94557
50,2020-12-22 02:00:00,2020-12-22 03:00:00,0.159366,0.162016,0.15723,0.162016,15921250,2537056.79415
51,2020-12-22 03:00:00,2020-12-22 04:00:00,0.16194,0.16287,0.161,0.162501,8281199,1339937.998584
52,2020-12-22 04:00:00,2020-12-22 05:00:00,0.162605,0.1642,0.162604,0.164148,4625803,756487.913541
53,2020-12-22 05:00:00,2020-12-22 06:00:00,0.164178,0.164178,0.157714,0.158907,9463283,1522219.170145
54,2020-12-22 06:00:00,2020-12-22 07:00:00,0.158849,0.161166,0.156417,0.159255,7915064,1256168.301687
55,2020-12-22 07:00:00,2020-12-22 08:00:00,0.159364,0.160599,0.157,0.157927,6844800,1084299.962025
56,2020-12-22 08:00:00,2020-12-22 09:00:00,0.158051,0.158477,0.153223,0.156864,11683914,1818874.605259
57,2020-12-22 09:00:00,2020-12-22 10:00:00,0.156921,0.158234,0.154841,0.158181,6041645,949412.687891
58,2020-12-22 10:00:00,2020-12-22 11:00:00,0.158089,0.160153,0.158067,0.15895,3221029,512816.799528
59,2020-12-22 11:00:00,2020-12-22 12:00:00,0.15895,0.163539,0.158733,0.162512,7362135,1189283.938953
60,2020-12-22 12:00:00,2020-12-22 13:00:00,0.162651,0.166618,0.162165,0.166162,8461297,1391746.570256
61,2020-12-22 13:00:00,2020-12-22 14:00:00,0.166075,0.16822,0.164379,0.167675,8885252,1475763.215298
62,2020-12-22 14:00:00,2020-12-22 15:00:00,0.167872,0.16957,0.16679,0.166999,6916082,1162693.371529
63,2020-12-22 15:00:00,2020-12-22 16:00:00,0.166999,0.170361,0.166576,0.167527,11747311,1979429.679584
64,2020-12-22 16:00:00,2020-12-22 17:00:00,0.167573,0.168773,0.164456,0.166618,11180290,1856917.775062
65,2020-12-22 17:00:00,2020-12-22 18:00:00,0.166618,0.166988,0.16505,0.166288,6688104,1111499.750372
66,2020-12-22 18:00:00,2020-12-22 19:00:00,0.166279,0.16707,0.16522,0.166692,6597470,1096833.538184
67,2020-12-22 19:00:00,2020-12-22 20:00:00,0.166672,0.167117,0.165515,0.166343,4542267,755833.279297
68,2020-12-22 20:00:00,2020-12-22 21:00:00,0.166389,0.169,0.1625,0.163636,12470281,2068869.170847
69,2020-12-22 21:00:00,2020-12-22 22:00:00,0.16366,0.165186,0.157335,0.159053,20394950,3274781.04935
70,2020-12-22 22:00:00,2020-12-22 23:00:00,0.158997,0.160005,0.1575,0.159715,12650428,2007094.918089
71,2020-12-22 23:00:00,2020-12-23 00:00:00,0.159616,0.162251,0.158389,0.162066,6889106,1103673.416599
72,2020-12-23 00:00:00,2020-12-23 01:00:00,0.162205,0.162205,0.15877,0.160833,8224576,1318664.313771
73,2020-12-23 01:00:00,2020-12-23 02:00:00,0.160816,0.161427,0.1572,0.15754,14413918,2292536.510886
74,2020-12-23 02:00:00,2020-12-23 03:00:00,0.157516,0.15754,0.154878,0.155574,8457108,1318479.928638
75,2020-12-23 03:00:00,2020-12-23 04:00:00,0.155632,0.157839,0.15541,0.157529,5084180,796377.334891
76,2020-12-23 04:00:00,2020-12-23 05:00:00,0.157456,0.157485,0.151885,0.152073,14038004,2162297.021488
77,2020-12-23 05:00:00,2020-12-23 06:00:00,0.15202,0.152766,0.143592,0.148117,40050641,5922249.867789
78,2020-12-23 06:00:00,2020-12-23 07:00:00,0.148059,0.150544,0.147175,0.14957,17712744,2643443.445427
79,2020-12-23 07:00:00,2020-12-23 08:00:00,0.149416,0.149597,0.14565,0.146801,10764538,1588032.478863
80,2020-12-23 08:00:00,2020-12-23 09:00:00,0.1466,0.148929,0.14511,0.145425,8273817,1215575.238933
81,2020-12-23 09:00:00,2020-12-23 10:00:00,0.1453,0.146427,0.141501,0.143596,16474920,2371867.830618
82,2020-12-23 10:00:00,2020-12-23 11:00:00,0.143438,0.1457,0.134341,0.1349,30997521,4311785.717279
83,2020-12-23 11:00:00,2020-12-23 12:00:00,0.134923,0.135517,0.126439,0.135388,53608550,7062972.521232
84,2020-12-23 12:00:00,2020-12-23 13:00:00,0.13526,0.152492,0.134025,0.149855,49269890,7032228.926835
85,2020-12-23 13:00:00,2020-12-23 14:00:00,0.14963,0.1536,0.143895,0.145756,27405085,4048882.859936
86,2020-12-23 14:00:00,2020-12-23 15:00:00,0.145627,0.14772,0.14318,0.145981,15242460,2211720.508115
87,2020-12-23 15:00:00,2020-12-23 16:00:00,0.145988,0.146145,0.139,0.140146,23664125,3369875.552945
88,2020-12-23 16:00:00,2020-12-23 17:00:00,0.140188,0.143581,0.137591,0.137818,26769831,3752314.07416
89,2020-12-23 17:00:00,2020-12-23 18:00:00,0.137675,0.143596,0.137289,0.142489,23734054,3336811.731256
90,2020-12-23 18:00:00,2020-12-23 19:00:00,0.142449,0.144087,0.141115,0.142025,12609348,1796998.99398
91,2020-12-23 19:00:00,2020-12-23 20:00:00,0.142024,0.14334,0.139856,0.141761,10565554,1492586.3834
92,2020-12-23 20:00:00,2020-12-23 21:00:00,0.141674,0.142193,0.13375,0.134473,32128859,4395192.860979
93,2020-12-23 21:00:00,2020-12-23 22:00:00,0.134499,0.135748,0.1273,0.128103,55498375,7292894.426202
94,2020-12-23 22:00:00,2020-12-23 23:00:00,0.128225,0.133085,0.110023,0.125763,88946436,10844748.817491
95,2020-12-23 23:00:00,2020-12-24 00:00:00,0.125845,0.134572,0.12469,0.126697,56878029,7394657.399064
96,2020-12-24 00:00:00,2020-12-24 01:00:00,0.126842,0.131131,0.123073,0.130086,60978191,7743490.130553
97,2020-12-24 01:00:00,2020-12-24 02:00:00,0.130051,0.141,0.128574,0.14084,57005605,7719524.217578
98,2020-12-24 02:00:00,2020-12-24 03:00:00,0.14085,0.141,0.129701,0.131542,34825849,4711421.212608
99,2020-12-24 03:00:00,2020-12-24 04:00:00,0.131405,0.133227,0.129116,0.131569,23294317,3050977.58256
100,2020-12-24 04:00:00,2020-12-24 05:00:00,0.131601,0.135323,0.131402,0.13447,14120716,1889140.479052
101,2020-12-24 05:00:00,2020-12-24 06:00:00,0.134465,0.1367,0.132526,0.135651,10000118,1343986.969717
102,2020-12-24 06:00:00,2020-12-24 07:00:00,0.135768,0.138393,0.12915,0.130501,17340177,2294333.616658
103,2020-12-24 07:00:00,2020-12-24 08:00:00,0.130604,0.136224,0.128244,0.135475,13607960,1802921.634867
104,2020-12-24 08:00:00,2020-12-24 09:00:00,0.135483,0.138515,0.133701,0.137754,8847875,1207342.165292
105,2020-12-24 09:00:00,2020-12-24 10:00:00,0.137743,0.141808,0.136045,0.140082,14043648,1957524.501445
106,2020-12-24 10:00:00,2020-12-24 11:00:00,0.14015,0.14015,0.136224,0.137486,8459592,1162237.022358
107,2020-12-24 11:00:00,2020-12-24 12:00:00,0.137457,0.156102,0.136302,0.153597,38749760,5675953.407328
108,2020-12-24 12:00:00,2020-12-24 13:00:00,0.153684,0.161989,0.147811,0.150755,53087169,8230088.792373
109,2020-12-24 13:00:00,2020-12-24 14:00:00,0.15064,0.158,0.147801,0.15496,24079758,3692796.847806
110,2020-12-24 14:00:00,2020-12-24 15:00:00,0.154798,0.158481,0.15317,0.154346,28824045,4493753.085078
111,2020-12-24 15:00:00,2020-12-24 16:00:00,0.15427,0.156377,0.152009,0.155961,19205093,2961153.726733
112,2020-12-24 16:00:00,2020-12-24 17:00:00,0.155929,0.159186,0.153325,0.153783,23008365,3591318.80531
113,2020-12-24 17:00:00,2020-12-24 18:00:00,0.153959,0.1555,0.149003,0.153156,22664003,3457523.654014
114,2020-12-24 18:00:00,2020-12-24 19:00:00,0.153237,0.15673,0.152478,0.15673,12923260,1998666.544119
115,2020-12-24 19:00:00,2020-12-24 20:00:00,0.156728,0.157322,0.151257,0.151899,10965319,1694046.427857
116,2020-12-24 20:00:00,2020-12-24 21:00:00,0.1519,0.156463,0.1519,0.154736,13369423,2060748.555499
117,2020-12-24 21:00:00,2020-12-24 22:00:00,0.154721,0.159,0.154598,0.155787,19823534,3105702.609178
118,2020-12-24 22:00:00,2020-12-24 23:00:00,0.155777,0.167812,0.155043,0.16634,42879490,6880080.897877
119,2020-12-24 23:00:00,2020-12-25 00:00:00,0.166709,0.166736,0.157563,0.158101,58145209,9380298.000916
120,2020-12-25 00:00:00,2020-12-25 01:00:00,0.1583,0.162,0.155322,0.161963,22953150,3653654.588277
121,2020-12-25 01:00:00,2020-12-25 02:00:00,0.161744,0.161817,0.157913,0.158824,10195397,1626753.241197
122,2020-12-25 02:00:00,2020-12-25 03:00:00,0.158826,0.159373,0.156611,0.157573,10131745,1601539.317202
123,2020-12-25 03:00:00,2020-12-25 04:00:00,0.157343,0.15754,0.154,0.154615,7489684,1166132.452074
124,2020-12-25 04:00:00,2020-12-25 05:00:00,0.1547,0.157203,0.153929,0.156523,6169944,960790.528539
125,2020-12-25 05:00:00,2020-12-25 06:00:00,0.156337,0.156457,0.153659,0.154878,7310908,1128422.341849
126,2020-12-25 06:00:00,2020-12-25 07:00:00,0.154878,0.159893,0.154144,0.158525,7217704,1137089.450694
127,2020-12-25 07:00:00,2020-12-25 08:00:00,0.158486,0.158566,0.155429,0.156802,4984531,780458.344966
128,2020-12-25 08:00:00,2020-12-25 09:00:00,0.1567,0.16,0.1567,0.158206,4651709,736999.052178
129,2020-12-25 09:00:00,2020-12-25 10:00:00,0.158309,0.161499,0.1582,0.160439,10616854,1699143.568673
130,2020-12-25 10:00:00,2020-12-25 11:00:00,0.160493,0.163059,0.159701,0.162794,7012041,1131395.702697
131,2020-12-25 11:00:00,2020-12-25 12:00:00,0.162782,0.1667,0.160548,0.166331,14581155,2398114.216606
132,2020-12-25 12:00:00,2020-12-25 13:00:00,0.166207,0.166699,0.161001,0.161001,11774585,1932776.383414
133,2020-12-25 13:00:00,2020-12-25 14:00:00,0.161001,0.163427,0.160243,0.163305,8197047,1325359.285709
134,2020-12-25 14:00:00,2020-12-25 15:00:00,0.163328,0.163592,0.156842,0.158117,17211866,2759554.406896
135,2020-12-25 15:00:00,2020-12-25 16:00:00,0.158024,0.160317,0.156976,0.157407,6895344,1095719.738807
136,2020-12-25 16:00:00,2020-12-25 17:00:00,0.157352,0.161296,0.15,0.151543,27435844,4239900.444982
137,2020-12-25 17:00:00,2020-12-25 18:00:00,0.151449,0.152789,0.148,0.152175,32463118,4870968.433756
138,2020-12-25 18:00:00,2020-12-25 19:00:00,0.152175,0.153854,0.14979,0.151177,16041099,2431800.4234
139,2020-12-25 19:00:00,2020-12-25 20:00:00,0.151185,0.157312,0.15,0.156147,12467759,1916965.606678
140,2020-12-25 20:00:00,2020-12-25 21:00:00,0.156179,0.156919,0.152246,0.153225,8419199,1299628.199812
141,2020-12-25 21:00:00,2020-12-25 22:00:00,0.153227,0.154,0.15138,0.151901,6078863,925600.084976
142,2020-12-25 22:00:00,2020-12-25 23:00:00,0.151944,0.153137,0.150601,0.150978,6675686,1013836.967684
143,2020-12-25 23:00:00,2020-12-26 00:00:00,0.150957,0.152961,0.148001,0.152359,10623705,1600441.954394
144,2020-12-26 00:00:00,2020-12-26 01:00:00,0.152482,0.152773,0.15062,0.15075,5756028,874127.985369
145,2020-12-26 01:00:00,2020-12-26 02:00:00,0.150812,0.151269,0.1487,0.150195,6966183,1044808.21866
146,2020-12-26 02:00:00,2020-12-26 03:00:00,0.150114,0.150989,0.149433,0.150271,5007472,751993.774244
147,2020-12-26 03:00:00,2020-12-26 04:00:00,0.15015,0.1555,0.150003,0.153799,9584035,1466497.35538
148,2020-12-26 04:00:00,2020-12-26 05:00:00,0.1538,0.154,0.150758,0.150774,7215681,1103535.907471
149,2020-12-26 05:00:00,2020-12-26 06:00:00,0.150933,0.152134,0.150352,0.150467,3411535,515756.011318
150,2020-12-26 06:00:00,2020-12-26 07:00:00,0.15039,0.152,0.15,0.151986,2729964,411375.866195
151,2020-12-26 07:00:00,2020-12-26 08:00:00,0.151993,0.152212,0.147002,0.149147,6962411,1038475.596439
152,2020-12-26 08:00:00,2020-12-26 09:00:00,0.149147,0.151331,0.148834,0.150099,2514296,377348.703329
153,2020-12-26 09:00:00,2020-12-26 10:00:00,0.150036,0.150367,0.147,0.148238,3272938,485353.665507
154,2020-12-26 10:00:00,2020-12-26 11:00:00,0.148189,0.148554,0.145114,0.146253,6775666,993965.590778
155,2020-12-26 11:00:00,2020-12-26 12:00:00,0.146387,0.14901,0.145328,0.148811,3324592,489433.085103
156,2020-12-26 12:00:00,2020-12-26 13:00:00,0.148811,0.149465,0.147025,0.148182,3663083,542713.615615
157,2020-12-26 13:00:00,2020-12-26 14:00:00,0.14831,0.149382,0.14721,0.147874,3563105,527083.458258
158,2020-12-26 14:00:00,2020-12-26 15:00:00,0.147887,0.149737,0.146937,0.147852,5088521,754224.306954
159,2020-12-26 15:00:00,2020-12-26 16:00:00,0.1479,0.148265,0.144052,0.145905,12118099,1771596.650496
160,2020-12-26 16:00:00,2020-12-26 17:00:00,0.145697,0.154174,0.143698,0.151475,25061389,3747910.455621
161,2020-12-26 17:00:00,2020-12-26 18:00:00,0.151476,0.151969,0.148388,0.148958,9486111,1421152.278293
162,2020-12-26 18:00:00,2020-12-26 19:00:00,0.149077,0.15121,0.148669,0.148848,5660417,848676.922287
163,2020-12-26 19:00:00,2020-12-26 20:00:00,0.148866,0.149149,0.147258,0.14757,5140434,760915.363321
164,2020-12-26 20:00:00,2020-12-26 21:00:00,0.147525,0.149439,0.146281,0.147572,9750263,1441479.700546
165,2020-12-26 21:00:00,2020-12-26 22:00:00,0.147508,0.148854,0.147075,0.147742,10881397,1610745.784935
166,2020-12-26 22:00:00,2020-12-26 23:00:00,0.147729,0.14775,0.144147,0.14467,9122886,1327708.087227
167,2020-12-26 23:00:00,2020-12-27 00:00:00,0.144602,0.147628,0.144531,0.146788,6615434,968875.528422
168,2020-12-27 00:00:00,2020-12-27 01:00:00,0.1467,0.147018,0.14406,0.145294,8663611,1257884.305827
169,2020-12-27 01:00:00,2020-12-27 02:00:00,0.145234,0.146581,0.144518,0.144883,6034982,877856.102819
170,2020-12-27 02:00:00,2020-12-27 03:00:00,0.145017,0.147898,0.14468,0.145824,8276693,1212750.580465
171,2020-12-27 03:00:00,2020-12-27 04:00:00,0.145908,0.146008,0.144801,0.14525,3182598,462920.670394
172,2020-12-27 04:00:00,2020-12-27 05:00:00,0.1454,0.146229,0.144773,0.146026,2910505,423890.353387
173,2020-12-27 05:00:00,2020-12-27 06:00:00,0.145947,0.146998,0.145783,0.146271,3749865,548892.125246
174,2020-12-27 06:00:00,2020-12-27 07:00:00,0.146256,0.148633,0.146113,0.147495,5191507,764538.738536
175,2020-12-27 07:00:00,2020-12-27 08:00:00,0.147525,0.147864,0.145281,0.145373,3809100,558284.966558
176,2020-12-27 08:00:00,2020-12-27 09:00:00,0.14547,0.148147,0.143,0.143222,6800133,990595.087886
177,2020-12-27 09:00:00,2020-12-27 10:00:00,0.143356,0.145,0.142109,0.1429,4687348,672255.275232
178,2020-12-27 10:00:00,2020-12-27 11:00:00,0.14276,0.143484,0.141,0.141983,7268649,1031697.853617
179,2020-12-27 11:00:00,2020-12-27 12:00:00,0.141983,0.14205,0.135416,0.138057,16852330,2331942.786199
180,2020-12-27 12:00:00,2020-12-27 13:00:00,0.137975,0.141364,0.1341,0.140637,16933552,2324274.769744
181,2020-12-27 13:00:00,2020-12-27 14:00:00,0.140587,0.14125,0.138878,0.14045,6886179,966243.682426
182,2020-12-27 14:00:00,2020-12-27 15:00:00,0.140505,0.1477,0.140321,0.14459,16348812,2367962.603429
183,2020-12-27 15:00:00,2020-12-27 16:00:00,0.144639,0.154152,0.144529,0.153483,30292475,4518084.265812
184,2020-12-27 16:00:00,2020-12-27 17:00:00,0.153516,0.155498,0.147062,0.149437,33137587,5017633.091603
185,2020-12-27 17:00:00,2020-12-27 18:00:00,0.149409,0.149586,0.146799,0.14825,10600899,1569151.591508
186,2020-12-27 18:00:00,2020-12-27 19:00:00,0.148268,0.148886,0.145626,0.147219,6513255,959220.326121
187,2020-12-27 19:00:00,2020-12-27 20:00:00,0.1472,0.14915,0.146769,0.1481,5289081,782328.739534
188,2020-12-27 20:00:00,2020-12-27 21:00:00,0.148172,0.148182,0.139619,0.139749,17532525,2505209.845368
189,2020-12-27 21:00:00,2020-12-27 22:00:00,0.139659,0.14435,0.139062,0.144,11150102,1582930.29772
190,2020-12-27 22:00:00,2020-12-27 23:00:00,0.144015,0.145624,0.142873,0.145416,5112930,736754.284507
191,2020-12-27 23:00:00,2020-12-28 00:00:00,0.145451,0.14772,0.144347,0.145006,6460888,943613.419133
192,2020-12-28 00:00:00,2020-12-28 01:00:00,0.145188,0.148275,0.142485,0.147719,6559747,960132.722039
193,2020-12-28 01:00:00,2020-12-28 02:00:00,0.14772,0.1486,0.146511,0.148527,7407304,1093515.847541
194,2020-12-28 02:00:00,2020-12-28 03:00:00,0.148449,0.15121,0.146989,0.148401,11835693,1769056.949002
195,2020-12-28 03:00:00,2020-12-28 04:00:00,0.148375,0.151,0.148153,0.150999,5031285,751471.183514
196,2020-12-28 04:00:00,2020-12-28 05:00:00,0.150875,0.153496,0.150601,0.151,13146570,1996754.261634
197,2020-12-28 05:00:00,2020-12-28 06:00:00,0.15097,0.151992,0.149631,0.150038,5118037,773017.693323
198,2020-12-28 06:00:00,2020-12-28 07:00:00,0.150127,0.151099,0.149137,0.149485,2399565,360761.508822
199,2020-12-28 07:00:00,2020-12-28 08:00:00,0.149445,0.152289,0.148908,0.149984,3103033,466563.733459
200,2020-12-28 08:00:00,2020-12-28 09:00:00,0.149938,0.151969,0.148212,0.151878,2699893,405108.457554
201,2020-12-28 09:00:00,2020-12-28 10:00:00,0.151942,0.154654,0.150575,0.152879,5084558,777020.988249
202,2020-12-28 10:00:00,2020-12-28 11:00:00,0.152716,0.154679,0.1507,0.152405,5986467,915304.84943
203,2020-12-28 11:00:00,2020-12-28 12:00:00,0.15229,0.154,0.150667,0.152779,3298806,504229.92203
204,2020-12-28 12:00:00,2020-12-28 13:00:00,0.152896,0.153037,0.148575,0.15042,3987401,601495.477621
205,2020-12-28 13:00:00,2020-12-28 14:00:00,0.150559,0.15157,0.149227,0.150746,4999923,750997.578867
206,2020-12-28 14:00:00,2020-12-28 15:00:00,0.15066,0.150991,0.149001,0.150624,4524810,678879.652506
207,2020-12-28 15:00:00,2020-12-28 16:00:00,0.150648,0.150895,0.148863,0.149564,4674436,699614.190544
208,2020-12-28 16:00:00,2020-12-28 17:00:00,0.149683,0.150921,0.1488,0.149526,4496419,673877.490973
209,2020-12-28 17:00:00,2020-12-28 18:00:00,0.149386,0.151583,0.149293,0.150949,5116387,771368.390146
210,2020-12-28 18:00:00,2020-12-28 19:00:00,0.1509,0.15147,0.147918,0.14931,6782092,1016690.452963
211,2020-12-28 19:00:00,2020-12-28 20:00:00,0.149248,0.150058,0.147161,0.148245,11446179,1701170.691054
212,2020-12-28 20:00:00,2020-12-28 21:00:00,0.148148,0.149,0.145765,0.147184,10327344,1520972.957245
213,2020-12-28 21:00:00,2020-12-28 22:00:00,0.147158,0.147983,0.146607,0.147437,4544464,670190.408486
214,2020-12-28 22:00:00,2020-12-28 23:00:00,0.147341,0.149789,0.141303,0.143617,22993802,3318326.95502
215,2020-12-28 23:00:00,2020-12-29 00:00:00,0.143655,0.144669,0.14116,0.144165,27789966,3966956.444757
216,2020-12-29 00:00:00,2020-12-29 01:00:00,0.144263,0.148968,0.142488,0.142732,25051156,3659028.766798
217,2020-12-29 01:00:00,2020-12-29 02:00:00,0.142748,0.144684,0.141502,0.143647,18132327,2596179.797132
218,2020-12-29 02:00:00,2020-12-29 03:00:00,0.143691,0.146,0.143011,0.144256,10651437,1541034.572649
219,2020-12-29 03:00:00,2020-12-29 04:00:00,0.14429,0.14429,0.139581,0.139581,17979753,2552600.82615
220,2020-12-29 04:00:00,2020-12-29 05:00:00,0.139737,0.141817,0.137627,0.140336,15354382,2148164.624273
221,2020-12-29 05:00:00,2020-12-29 06:00:00,0.1405,0.14132,0.1352,0.140399,22599278,3117873.698581
222,2020-12-29 06:00:00,2020-12-29 07:00:00,0.14037,0.142231,0.138471,0.140856,6174553,867774.184371
223,2020-12-29 07:00:00,2020-12-29 08:00:00,0.140877,0.14222,0.139534,0.14103,5563735,784696.889857
224,2020-12-29 08:00:00,2020-12-29 09:00:00,0.141091,0.143069,0.140661,0.141788,5425011,768820.778354
225,2020-12-29 09:00:00,2020-12-29 10:00:00,0.14197,0.142082,0.139734,0.141077,7426538,1046978.975603
226,2020-12-29 10:00:00,2020-12-29 11:00:00,0.14108,0.14198,0.139945,0.140049,4470459,631284.695012
227,2020-12-29 11:00:00,2020-12-29 12:00:00,0.140102,0.140685,0.13487,0.137852,18281555,2502186.164126
228,2020-12-29 12:00:00,2020-12-29 13:00:00,0.137876,0.140714,0.136235,0.137043,11009914,1522041.023865
229,2020-12-29 13:00:00,2020-12-29 14:00:00,0.137043,0.137588,0.13514,0.136906,13230638,1806027.321775
230,2020-12-29 14:00:00,2020-12-29 15:00:00,0.137027,0.13756,0.13515,0.13569,12280405,1675326.679521
231,2020-12-29 15:00:00,2020-12-29 16:00:00,0.135668,0.137,0.13,0.130595,26329870,3524508.414619
232,2020-12-29 16:00:00,2020-12-29 17:00:00,0.130632,0.131721,0.127435,0.130951,34786010,4505287.300741
233,2020-12-29 17:00:00,2020-12-29 18:00:00,0.130932,0.13685,0.129988,0.136523,27369865,3658402.845975
234,2020-12-29 18:00:00,2020-12-29 19:00:00,0.136688,0.1392,0.133576,0.137218,17513644,2382742.883287
235,2020-12-29 19:00:00,2020-12-29 20:00:00,0.137228,0.139999,0.135119,0.135221,11050186,1525968.140934
236,2020-12-29 20:00:00,2020-12-29 21:00:00,0.135198,0.137435,0.1348,0.136702,7813615,1062968.224115
237,2020-12-29 21:00:00,2020-12-29 22:00:00,0.136752,0.13716,0.135,0.135175,7905296,1073845.333969
238,2020-12-29 22:00:00,2020-12-29 23:00:00,0.135194,0.1376,0.134505,0.136567,6510611,887602.325904
239,2020-12-29 23:00:00,2020-12-30 00:00:00,0.136567,0.138986,0.13555,0.138206,6067046,833880.806188
240,2020-12-30 00:00:00,2020-12-30 01:00:00,0.138293,0.138778,0.135058,0.138297,9413684,1286675.582761
241,2020-12-30 01:00:00,2020-12-30 02:00:00,0.138178,0.139009,0.137001,0.137389,6604532,912417.255425
242,2020-12-30 02:00:00,2020-12-30 03:00:00,0.137389,0.137854,0.133563,0.133651,12287712,1659325.988377
243,2020-12-30 03:00:00,2020-12-30 04:00:00,0.133667,0.134963,0.131599,0.131972,12210932,1627039.608652
244,2020-12-30 04:00:00,2020-12-30 05:00:00,0.132049,0.133185,0.13,0.1309,11158378,1464084.868925
245,2020-12-30 05:00:00,2020-12-30 06:00:00,0.130872,0.132086,0.129046,0.131148,9810282,1281540.496207
246,2020-12-30 06:00:00,2020-12-30 07:00:00,0.131143,0.132954,0.129673,0.13,8140790,1067524.028161
247,2020-12-30 07:00:00,2020-12-30 08:00:00,0.129995,0.130937,0.1293,0.129658,4188435,544799.167209
248,2020-12-30 08:00:00,2020-12-30 09:00:00,0.129658,0.132241,0.12892,0.130724,8867280,1155513.879956
249,2020-12-30 09:00:00,2020-12-30 10:00:00,0.130609,0.131037,0.128548,0.129626,6629092,860701.249701
250,2020-12-30 10:00:00,2020-12-30 11:00:00,0.129629,0.13364,0.129237,0.133366,6964933,917891.00758
251,2020-12-30 11:00:00,2020-12-30 12:00:00,0.13333,0.133387,0.129524,0.130597,6290414,825213.629485
252,2020-12-30 12:00:00,2020-12-30 13:00:00,0.130557,0.132254,0.129711,0.131728,4549300,594623.15224
253,2020-12-30 13:00:00,2020-12-30 14:00:00,0.131704,0.133551,0.131057,0.13197,4607397,610559.6996
254,2020-12-30 14:00:00,2020-12-30 15:00:00,0.131986,0.1364,0.131986,0.135458,8636755,1165041.336262
255,2020-12-30 15:00:00,2020-12-30 16:00:00,0.135522,0.139316,0.1341,0.138414,14606154,1996108.093615
256,2020-12-30 16:00:00,2020-12-30 17:00:00,0.138461,0.138738,0.133432,0.134,14583874,1974539.410762
257,2020-12-30 17:00:00,2020-12-30 18:00:00,0.133999,0.135647,0.133337,0.134345,9247557,1243234.32794
258,2020-12-30 18:00:00,2020-12-30 19:00:00,0.134373,0.134786,0.131562,0.131946,9651358,1281598.400389
259,2020-12-30 19:00:00,2020-12-30 20:00:00,0.131936,0.134456,0.131936,0.132641,9763318,1298636.20296
260,2020-12-30 20:00:00,2020-12-30 21:00:00,0.132644,0.132892,0.130419,0.132286,11288523,1485607.975281
261,2020-12-30 21:00:00,2020-12-30 22:00:00,0.132286,0.1328,0.130217,0.130927,7436186,978472.950834
262,2020-12-30 22:00:00,2020-12-30 23:00:00,0.130948,0.131531,0.130202,0.130676,6995901,915984.247559
263,2020-12-30 23:00:00,2020-12-31 00:00:00,0.13071,0.132432,0.130245,0.131915,5536999,725856.940332
264,2020-12-31 00:00:00,2020-12-31 01:00:00,0.131856,0.131939,0.12815,0.128698,17453953,2256579.87973
265,2020-12-31 01:00:00,2020-12-31 02:00:00,0.128698,0.129212,0.124361,0.126456,26392334,3328055.005181
266,2020-12-31 02:00:00,2020-12-31 03:00:00,0.126331,0.127004,0.125237,0.126745,9803073,1238201.429426
267,2020-12-31 03:00:00,2020-12-31 04:00:00,0.126686,0.126686,0.12478,0.12492,7431336,933927.314577
268,2020-12-31 04:00:00,2020-12-31 05:00:00,0.124964,0.1287,0.12455,0.128396,11434896,1447013.496798
269,2020-12-31 05:00:00,2020-12-31 06:00:00,0.128353,0.128356,0.126243,0.126315,5240435,666525.688364
270,2020-12-31 06:00:00,2020-12-31 07:00:00,0.126355,0.127018,0.125562,0.125941,5359553,676545.516071
271,2020-12-31 07:00:00,2020-12-31 08:00:00,0.125923,0.12775,0.125782,0.126387,4436224,562098.42974
272,2020-12-31 08:00:00,2020-12-31 09:00:00,0.126436,0.126533,0.125277,0.126135,3230959,406783.796719
273,2020-12-31 09:00:00,2020-12-31 10:00:00,0.1262,0.126512,0.124802,0.126401,2559964,322058.198194
274,2020-12-31 10:00:00,2020-12-31 11:00:00,0.126392,0.1325,0.12623,0.129512,10494229,1365134.01115
275,2020-12-31 11:00:00,2020-12-31 12:00:00,0.129535,0.129535,0.1274,0.127541,6331615,814688.211915
276,2020-12-31 12:00:00,2020-12-31 13:00:00,0.127375,0.128564,0.124024,0.125156,7376886,934485.683935
277,2020-12-31 13:00:00,2020-12-31 14:00:00,0.125161,0.125722,0.12295,0.1254,13349481,1662392.919467
278,2020-12-31 14:00:00,2020-12-31 15:00:00,0.125405,0.125405,0.123479,0.124631,9748212,1213106.878974
279,2020-12-31 15:00:00,2020-12-31 16:00:00,0.124555,0.126285,0.124555,0.125577,8294747,1040459.84984
280,2020-12-31 16:00:00,2020-12-31 17:00:00,0.125504,0.1263,0.12416,0.124389,8196823,1028708.620796
281,2020-12-31 17:00:00,2020-12-31 18:00:00,0.124412,0.1267,0.124269,0.125934,6358919,798061.820008
282,2020-12-31 18:00:00,2020-12-31 19:00:00,0.125949,0.126734,0.125502,0.126507,3977176,502036.767182
283,2020-12-31 19:00:00,2020-12-31 20:00:00,0.126506,0.127032,0.12601,0.126462,5370669,679505.273138
284,2020-12-31 20:00:00,2020-12-31 21:00:00,0.12643,0.12696,0.125367,0.126096,6760833,854023.505747
285,2020-12-31 21:00:00,2020-12-31 22:00:00,0.126178,0.126863,0.125301,0.126254,5384259,678992.209157
286,2020-12-31 22:00:00,2020-12-31 23:00:00,0.126254,0.126965,0.125608,0.126692,3480466,440204.751273
287,2020-12-31 23:00:00,2021-01-01 00:00:00,0.126751,0.12945,0.126192,0.127698,13466428,1725903.762733
288,2021-01-01 00:00:00,2021-01-01 01:00:00,0.127679,0.129236,0.126631,0.129147,5073189,647683.328932
289,2021-01-01 01:00:00,2021-01-01 02:00:00,0.129061,0.135122,0.129061,0.133386,21222597,2807268.952686
290,2021-01-01 02:00:00,2021-01-01 03:00:00,0.133362,0.133624,0.131588,0.1329,10004489,1325604.552058
291,2021-01-01 03:00:00,2021-01-01 04:00:00,0.132976,0.133077,0.131016,0.131066,6823237,900638.707658
292,2021-01-01 04:00:00,2021-01-01 05:00:00,0.131185,0.13596,0.130866,0.133615,18533234,2485511.688479
293,2021-01-01 05:00:00,2021-01-01 06:00:00,0.133503,0.134585,0.132435,0.133724,4858098,648941.704137
294,2021-01-01 06:00:00,2021-01-01 07:00:00,0.133747,0.134347,0.131997,0.132435,3658214,487019.610425
295,2021-01-01 07:00:00,2021-01-01 08:00:00,0.13243,0.132447,0.130872,0.132255,3104895,408433.529917
296,2021-01-01 08:00:00,2021-01-01 09:00:00,0.132317,0.132597,0.13,0.131035,3939827,515495.793698
297,2021-01-01 09:00:00,2021-01-01 10:00:00,0.131034,0.132657,0.130744,0.132015,1950257,256973.065692
298,2021-01-01 10:00:00,2021-01-01 11:00:00,0.131977,0.134223,0.131859,0.13329,3442978,456812.153618
299,2021-01-01 11:00:00,2021-01-01 12:00:00,0.133364,0.136356,0.133037,0.134272,11861987,1600042.868178
300,2021-01-01 12:00:00,2021-01-01 13:00:00,0.134339,0.13524,0.132656,0.132863,6046815,811178.31265
301,2021-01-01 13:00:00,2021-01-01 14:00:00,0.132872,0.134092,0.132781,0.133545,3509918,468947.328942
302,2021-01-01 14:00:00,2021-01-01 15:00:00,0.133463,0.134313,0.132682,0.133115,6595110,881713.803208
303,2021-01-01 15:00:00,2021-01-01 16:00:00,0.133075,0.134275,0.131743,0.133886,6943796,923650.88695
304,2021-01-01 16:00:00,2021-01-01 17:00:00,0.133999,0.13746,0.133416,0.137232,11726827,1580856.11683
305,2021-01-01 17:00:00,2021-01-01 18:00:00,0.137219,0.14,0.1333,0.134571,25209605,3469650.038095
306,2021-01-01 18:00:00,2021-01-01 19:00:00,0.134503,0.135792,0.1318,0.134319,12615612,1688656.730779
307,2021-01-01 19:00:00,2021-01-01 20:00:00,0.134187,0.134614,0.132161,0.132995,9955051,1327955.196663
308,2021-01-01 20:00:00,2021-01-01 21:00:00,0.133051,0.134311,0.132339,0.133543,5310575,708879.418062
309,2021-01-01 21:00:00,2021-01-01 22:00:00,0.13343,0.134978,0.133092,0.134022,5482728,735079.789028
310,2021-01-01 22:00:00,2021-01-01 23:00:00,0.134103,0.1345,0.133235,0.133441,3924012,524657.869841
311,2021-01-01 23:00:00,2021-01-02 00:00:00,0.133448,0.133773,0.131385,0.132462,5265857,698182.327298
312,2021-01-02 00:00:00,2021-01-02 01:00:00,0.132502,0.133489,0.128531,0.129993,15201219,1986118.690722
313,2021-01-02 01:00:00,2021-01-02 02:00:00,0.129843,0.131958,0.129162,0.131849,5035050,657988.975445
314,2021-01-02 02:00:00,2021-01-02 03:00:00,0.131953,0.13276,0.131352,0.131829,2644029,348603.294393
315,2021-01-02 03:00:00,2021-01-02 04:00:00,0.131784,0.134,0.131752,0.133498,2174671,288597.727799
316,2021-01-02 04:00:00,2021-01-02 05:00:00,0.13353,0.133559,0.131723,0.133044,2253207,298895.679125
317,2021-01-02 05:00:00,2021-01-02 06:00:00,0.132947,0.1349,0.13204,0.134146,4760902,635977.041088
318,2021-01-02 06:00:00,2021-01-02 07:00:00,0.134094,0.134489,0.132307,0.132871,3678431,490685.869219
319,2021-01-02 07:00:00,2021-01-02 08:00:00,0.13288,0.133773,0.132307,0.132367,2191997,292409.893062
320,2021-01-02 08:00:00,2021-01-02 09:00:00,0.132308,0.132666,0.130303,0.130326,5483919,720787.315385
321,2021-01-02 09:00:00,2021-01-02 10:00:00,0.130418,0.131229,0.129,0.129,4714312,612447.839876
322,2021-01-02 10:00:00,2021-01-02 11:00:00,0.129,0.130767,0.128521,0.12923,5411903,700337.56694
323,2021-01-02 11:00:00,2021-01-02 12:00:00,0.129332,0.130629,0.129182,0.130304,1783672,232138.706651
324,2021-01-02 12:00:00,2021-01-02 13:00:00,0.130251,0.133188,0.129507,0.132822,6524818,856700.548405
325,2021-01-02 13:00:00,2021-01-02 14:00:00,0.132806,0.133077,0.130996,0.131619,8002760,1055368.23853
326,2021-01-02 14:00:00,2021-01-02 15:00:00,0.131597,0.131619,0.129631,0.130131,6366288,830749.097188
327,2021-01-02 15:00:00,2021-01-02 16:00:00,0.130154,0.130494,0.129156,0.129543,7997339,1038179.652092
328,2021-01-02 16:00:00,2021-01-02 17:00:00,0.129518,0.129676,0.12699,0.129394,19041716,2445106.5252
329,2021-01-02 17:00:00,2021-01-02 18:00:00,0.129288,0.131247,0.128397,0.129248,12327961,1599542.658953
330,2021-01-02 18:00:00,2021-01-02 19:00:00,0.129289,0.130845,0.128513,0.12941,13423452,1741440.818101
331,2021-01-02 19:00:00,2021-01-02 20:00:00,0.129444,0.1314,0.128671,0.129451,10999880,1427621.18151
332,2021-01-02 20:00:00,2021-01-02 21:00:00,0.129545,0.130938,0.127683,0.129011,16696094,2158303.462703
333,2021-01-02 21:00:00,2021-01-02 22:00:00,0.128966,0.129565,0.127376,0.128641,10023254,1286430.855911
334,2021-01-02 22:00:00,2021-01-02 23:00:00,0.128718,0.128874,0.1274,0.128232,4813614,616858.594797
335,2021-01-02 23:00:00,2021-01-03 00:00:00,0.128231,0.128476,0.12749,0.127655,4780431,611206.609359
336,2021-01-03 00:00:00,2021-01-03 01:00:00,0.127654,0.128084,0.126999,0.127197,4197762,534911.734939
337,2021-01-03 01:00:00,2021-01-03 02:00:00,0.127102,0.128195,0.1257,0.12627,7356052,933501.176243
338,2021-01-03 02:00:00,2021-01-03 03:00:00,0.126296,0.127233,0.125551,0.127154,6880576,870412.127078
339,2021-01-03 03:00:00,2021-01-03 04:00:00,0.12712,0.127193,0.125901,0.126179,3700677,468886.333816
340,2021-01-03 04:00:00,2021-01-03 05:00:00,0.126114,0.127992,0.125962,0.126867,3031891,385582.735714
341,2021-01-03 05:00:00,2021-01-03 06:00:00,0.126934,0.1284,0.125808,0.126146,7821838,992370.824618
342,2021-01-03 06:00:00,2021-01-03 07:00:00,0.126232,0.126859,0.125833,0.126027,3996507,504821.032137
343,2021-01-03 07:00:00,2021-01-03 08:00:00,0.126027,0.126236,0.125,0.125189,7360697,922964.857156
344,2021-01-03 08:00:00,2021-01-03 09:00:00,0.125117,0.125861,0.12408,0.125219,8265587,1032345.649984
345,2021-01-03 09:00:00,2021-01-03 10:00:00,0.125222,0.126852,0.125038,0.126309,6684121,841392.155465
346,2021-01-03 10:00:00,2021-01-03 11:00:00,0.126324,0.128975,0.125011,0.128729,8047657,1016428.46934
347,2021-01-03 11:00:00,2021-01-03 12:00:00,0.128691,0.13495,0.128056,0.130619,24770703,3270456.264414
348,2021-01-03 12:00:00,2021-01-03 13:00:00,0.130674,0.132061,0.129025,0.13188,6557796,857025.208471
349,2021-01-03 13:00:00,2021-01-03 14:00:00,0.131949,0.1341,0.130386,0.133112,13142689,1738469.168259
350,2021-01-03 14:00:00,2021-01-03 15:00:00,0.133188,0.138356,0.131445,0.133864,33998953,4599225.914217
351,2021-01-03 15:00:00,2021-01-03 16:00:00,0.133942,0.135106,0.1301,0.132168,20887021,2764508.911026
352,2021-01-03 16:00:00,2021-01-03 17:00:00,0.132132,0.138646,0.132132,0.136501,31551742,4283276.350929
353,2021-01-03 17:00:00,2021-01-03 18:00:00,0.136581,0.138461,0.134204,0.137271,27253062,3702779.292134
354,2021-01-03 18:00:00,2021-01-03 19:00:00,0.137305,0.13923,0.132996,0.136033,19325335,2643908.740441
355,2021-01-03 19:00:00,2021-01-03 20:00:00,0.135934,0.136636,0.133191,0.133743,11910544,1600669.98578
356,2021-01-03 20:00:00,2021-01-03 21:00:00,0.133801,0.135247,0.133702,0.134897,10997817,1482120.139063
357,2021-01-03 21:00:00,2021-01-03 22:00:00,0.134897,0.13655,0.133892,0.134282,8538005,1154047.294422
358,2021-01-03 22:00:00,2021-01-03 23:00:00,0.134166,0.135329,0.133033,0.13407,9386731,1259907.015929
359,2021-01-03 23:00:00,2021-01-04 00:00:00,0.134092,0.138,0.133812,0.136751,18373941,2498394.367164
360,2021-01-04 00:00:00,2021-01-04 01:00:00,0.13675,0.145384,0.13675,0.143705,39451863,5560258.127387
361,2021-01-04 01:00:00,2021-01-04 02:00:00,0.143702,0.146,0.141379,0.142621,24463546,3500976.480031
362,2021-01-04 02:00:00,2021-01-04 03:00:00,0.142596,0.144237,0.140059,0.142467,13695350,1950313.315568
363,2021-01-04 03:00:00,2021-01-04 04:00:00,0.142423,0.145129,0.142074,0.143668,11806899,1694017.085714
364,2021-01-04 04:00:00,2021-01-04 05:00:00,0.143676,0.149111,0.143337,0.14881,22850420,3369919.713793
365,2021-01-04 05:00:00,2021-01-04 06:00:00,0.14883,0.150291,0.146183,0.149207,21999615,3260042.607684
366,2021-01-04 06:00:00,2021-01-04 07:00:00,0.1493,0.155431,0.148,0.151187,34139700,5211489.297526
367,2021-01-04 07:00:00,2021-01-04 08:00:00,0.15113,0.153274,0.13923,0.140863,44098540,6349859.185476
368,2021-01-04 08:00:00,2021-01-04 09:00:00,0.14095,0.144267,0.135385,0.13901,15839221,2230260.845752
369,2021-01-04 09:00:00,2021-01-04 10:00:00,0.138964,0.140691,0.131769,0.135873,19998812,2719548.160065
370,2021-01-04 10:00:00,2021-01-04 11:00:00,0.135936,0.136841,0.128517,0.134571,17718830,2334323.070491
371,2021-01-04 11:00:00,2021-01-04 12:00:00,0.134414,0.134904,0.130576,0.134536,9355654,1239979.954946
372,2021-01-04 12:00:00,2021-01-04 13:00:00,0.134612,0.135802,0.1329,0.135128,6871528,924290.41913
373,2021-01-04 13:00:00,2021-01-04 14:00:00,0.134983,0.135363,0.1319,0.134738,8104831,1082753.504132
374,2021-01-04 14:00:00,2021-01-04 15:00:00,0.134895,0.143581,0.13466,0.142317,24537233,3448539.740494
375,2021-01-04 15:00:00,2021-01-04 16:00:00,0.142451,0.16,0.140402,0.154534,62842731,9546896.414834
376,2021-01-04 16:00:00,2021-01-04 17:00:00,0.153478,0.165622,0.152663,0.155044,78989765,12537202.708373
377,2021-01-04 17:00:00,2021-01-04 18:00:00,0.154861,0.15771,0.147654,0.150984,50094108,7575975.941139
378,2021-01-04 18:00:00,2021-01-04 19:00:00,0.151053,0.15416,0.149655,0.151523,22905449,3487431.200494
379,2021-01-04 19:00:00,2021-01-04 20:00:00,0.151562,0.158485,0.15103,0.15667,25920022,4006764.362527
380,2021-01-04 20:00:00,2021-01-04 21:00:00,0.156786,0.165,0.156617,0.159426,47284439,7600568.086067
381,2021-01-04 21:00:00,2021-01-04 22:00:00,0.15968,0.164203,0.1541,0.15692,33766004,5360500.449001
382,2021-01-04 22:00:00,2021-01-04 23:00:00,0.156882,0.16784,0.156083,0.165943,27881619,4511260.648338
383,2021-01-04 23:00:00,2021-01-05 00:00:00,0.165909,0.166648,0.159987,0.164204,38979302,6376064.797004
384,2021-01-05 00:00:00,2021-01-05 01:00:00,0.164254,0.16775,0.158584,0.159972,39414585,6361143.260293
385,2021-01-05 01:00:00,2021-01-05 02:00:00,0.159975,0.161962,0.155,0.157993,28624901,4551974.799736
386,2021-01-05 02:00:00,2021-01-05 03:00:00,0.158133,0.15956,0.15369,0.156117,22205993,3473777.412769
387,2021-01-05 03:00:00,2021-01-05 04:00:00,0.156117,0.158018,0.151538,0.151706,32135227,4971558.113405
388,2021-01-05 04:00:00,2021-01-05 05:00:00,0.151725,0.159654,0.150012,0.156131,34331404,5347936.385357
389,2021-01-05 05:00:00,2021-01-05 06:00:00,0.15618,0.163809,0.1553,0.157383,32089092,5117069.538387
390,2021-01-05 06:00:00,2021-01-05 07:00:00,0.157427,0.159621,0.153,0.158944,21566984,3373788.975891
391,2021-01-05 07:00:00,2021-01-05 08:00:00,0.158918,0.161546,0.156218,0.159169,10513835,1666440.339885
392,2021-01-05 08:00:00,2021-01-05 09:00:00,0.159171,0.1639,0.158653,0.162014,13940333,2251078.693472
393,2021-01-05 09:00:00,2021-01-05 10:00:00,0.161899,0.17,0.1611,0.16976,26272253,4353356.666574
394,2021-01-05 10:00:00,2021-01-05 11:00:00,0.16976,0.178,0.167011,0.17346,38049826,6589103.906989
395,2021-01-05 11:00:00,2021-01-05 12:00:00,0.173729,0.1765,0.171206,0.173048,16230760,2818357.947689
396,2021-01-05 12:00:00,2021-01-05 13:00:00,0.172828,0.173872,0.1686,0.170143,19248935,3288481.857145
397,2021-01-05 13:00:00,2021-01-05 14:00:00,0.170412,0.18,0.170271,0.172341,31190546,5477177.061143
398,2021-01-05 14:00:00,2021-01-05 15:00:00,0.172329,0.179639,0.169252,0.178263,34707054,6045116.196962
399,2021-01-05 15:00:00,2021-01-05 16:00:00,0.178385,0.19,0.175169,0.189546,49289291,8982803.442631
400,2021-01-05 16:00:00,2021-01-05 17:00:00,0.189744,0.21,0.18575,0.203804,129985093,25901950.533474
401,2021-01-05 17:00:00,2021-01-05 18:00:00,0.203935,0.205986,0.192166,0.198608,84750802,16780227.11874
402,2021-01-05 18:00:00,2021-01-05 19:00:00,0.19856,0.201,0.193009,0.19826,36711471,7234574.907367
403,2021-01-05 19:00:00,2021-01-05 20:00:00,0.198122,0.198502,0.183522,0.190718,54971751,10431395.998997
404,2021-01-05 20:00:00,2021-01-05 21:00:00,0.190719,0.1983,0.19,0.193918,36670375,7112385.118215
405,2021-01-05 21:00:00,2021-01-05 22:00:00,0.193906,0.200989,0.1938,0.196092,29438643,5806027.279079
406,2021-01-05 22:00:00,2021-01-05 23:00:00,0.196271,0.19991,0.194,0.197236,22788721,4497001.793602
407,2021-01-05 23:00:00,2021-01-06 00:00:00,0.197375,0.198746,0.191097,0.19342,23349108,4544828.180552
408,2021-01-06 00:00:00,2021-01-06 01:00:00,0.193321,0.22,0.1925,0.213859,92742454,19401222.086482
409,2021-01-06 01:00:00,2021-01-06 02:00:00,0.213606,0.22,0.20607,0.215472,65903453,14167686.090964
410,2021-01-06 02:00:00,2021-01-06 03:00:00,0.215111,0.217223,0.206826,0.215194,36174398,7672874.199257
411,2021-01-06 03:00:00,2021-01-06 04:00:00,0.215254,0.22,0.210839,0.212469,34147175,7391375.125076
412,2021-01-06 04:00:00,2021-01-06 05:00:00,0.212664,0.215693,0.206581,0.212818,36165997,7626428.465322
413,2021-01-06 05:00:00,2021-01-06 06:00:00,0.212804,0.2222,0.208774,0.214319,34858356,7517029.170854
414,2021-01-06 06:00:00,2021-01-06 07:00:00,0.214412,0.228893,0.2131,0.224725,58318127,13058684.925732
415,2021-01-06 07:00:00,2021-01-06 08:00:00,0.224725,0.3,0.223157,0.261959,135783564,35229798.908035
416,2021-01-06 08:00:00,2021-01-06 09:00:00,0.261959,0.282499,0.244,0.260542,95541314,25122284.297603
417,2021-01-06 09:00:00,2021-01-06 10:00:00,0.260644,0.2725,0.251118,0.25929,46716436,12177369.433256
418,2021-01-06 10:00:00,2021-01-06 11:00:00,0.258745,0.299739,0.256348,0.293248,53645538,14827539.316696
419,2021-01-06 11:00:00,2021-01-06 12:00:00,0.293936,0.318369,0.2813,0.318369,94902978,28243430.611292
420,2021-01-06 12:00:00,2021-01-06 13:00:00,0.318368,0.439998,0.317,0.33773,237557226,85515651.741822
421,2021-01-06 13:00:00,2021-01-06 14:00:00,0.337621,0.36,0.304,0.349038,197926219,65004252.264318
422,2021-01-06 14:00:00,2021-01-06 15:00:00,0.348971,0.349053,0.2879,0.301864,156140458,48507650.756569
423,2021-01-06 15:00:00,2021-01-06 16:00:00,0.301929,0.337,0.301864,0.330966,71933235,22828150.002178
424,2021-01-06 16:00:00,2021-01-06 17:00:00,0.330227,0.344076,0.306501,0.31503,82179671,26276993.846308
425,2021-01-06 17:00:00,2021-01-06 18:00:00,0.315028,0.326373,0.31,0.316044,62141481,19780807.875739
426,2021-01-06 18:00:00,2021-01-06 19:00:00,0.315667,0.32,0.286665,0.3091,93099879,28211067.866748
427,2021-01-06 19:00:00,2021-01-06 20:00:00,0.309155,0.309455,0.282914,0.284602,49624813,14808016.459401
428,2021-01-06 20:00:00,2021-01-06 21:00:00,0.2845,0.341844,0.2651,0.331892,134521866,39804278.594815
429,2021-01-06 21:00:00,2021-01-06 22:00:00,0.332957,0.334995,0.30248,0.306588,74916035,23584043.6292
430,2021-01-06 22:00:00,2021-01-06 23:00:00,0.307067,0.324,0.305203,0.312443,39480666,12499596.945659
431,2021-01-06 23:00:00,2021-01-07 00:00:00,0.312263,0.3512,0.310573,0.349199,112495166,37953770.763985
432,2021-01-07 00:00:00,2021-01-07 01:00:00,0.3492,0.39662,0.324761,0.39662,126054791,45387863.445209
433,2021-01-07 01:00:00,2021-01-07 02:00:00,0.396579,0.416,0.365908,0.375323,173689236,67040413.658223
434,2021-01-07 02:00:00,2021-01-07 03:00:00,0.375324,0.3768,0.344668,0.376678,100125900,36122700.362135
435,2021-01-07 03:00:00,2021-01-07 04:00:00,0.376678,0.388001,0.360362,0.375606,68900640,25949218.756962
436,2021-01-07 04:00:00,2021-01-07 05:00:00,0.37545,0.37874,0.350488,0.361698,70960630,25786012.237344
437,2021-01-07 05:00:00,2021-01-07 06:00:00,0.361024,0.377388,0.353,0.363582,44026918,16065709.722771
438,2021-01-07 06:00:00,2021-01-07 07:00:00,0.363065,0.375154,0.356282,0.369598,32041257,11692034.155762
439,2021-01-07 07:00:00,2021-01-07 08:00:00,0.36918,0.372971,0.34,0.351603,30977861,11034526.080617
440,2021-01-07 08:00:00,2021-01-07 09:00:00,0.351632,0.36057,0.335014,0.356658,30822590,10728002.629326
441,2021-01-07 09:00:00,2021-01-07 10:00:00,0.356712,0.35727,0.335262,0.349212,21725861,7517912.66299
442,2021-01-07 10:00:00,2021-01-07 11:00:00,0.349003,0.349185,0.321,0.321176,37920444,12602905.3556
443,2021-01-07 11:00:00,2021-01-07 12:00:00,0.321002,0.359999,0.321,0.332068,47469515,16126986.318261
444,2021-01-07 12:00:00,2021-01-07 13:00:00,0.332415,0.344193,0.327301,0.330035,33112866,11045046.024943
445,2021-01-07 13:00:00,2021-01-07 14:00:00,0.330176,0.363332,0.329,0.353557,37274753,12923882.563752
446,2021-01-07 14:00:00,2021-01-07 15:00:00,0.3535,0.359,0.3386,0.342973,36009961,12445517.085594
447,2021-01-07 15:00:00,2021-01-07 16:00:00,0.342898,0.3476,0.33627,0.339359,27434728,9371097.27088
448,2021-01-07 16:00:00,2021-01-07 17:00:00,0.339029,0.342556,0.330203,0.334391,49737449,16721061.231245
449,2021-01-07 17:00:00,2021-01-07 18:00:00,0.334286,0.339681,0.33,0.33189,15437439,5153443.638803
450,2021-01-07 18:00:00,2021-01-07 19:00:00,0.33191,0.332394,0.2901,0.310641,58312747,18282077.888356
451,2021-01-07 19:00:00,2021-01-07 20:00:00,0.311168,0.338666,0.295695,0.325891,39313242,12509701.72764
452,2021-01-07 20:00:00,2021-01-07 21:00:00,0.3222,0.326323,0.316011,0.319717,20624468,6618783.139576
453,2021-01-07 21:00:00,2021-01-07 22:00:00,0.319737,0.334786,0.31937,0.324484,30506998,9985104.887453
454,2021-01-07 22:00:00,2021-01-07 23:00:00,0.324124,0.324657,0.31,0.310903,25628545,8154716.083923
455,2021-01-07 23:00:00,2021-01-08 00:00:00,0.310878,0.319718,0.302201,0.313033,35260889,10952087.182709
456,2021-01-08 00:00:00,2021-01-08 01:00:00,0.313395,0.326999,0.306103,0.307212,32036230,10132472.112812
457,2021-01-08 01:00:00,2021-01-08 02:00:00,0.307211,0.311335,0.292128,0.29869,39199462,11765790.023212
458,2021-01-08 02:00:00,2021-01-08 03:00:00,0.299107,0.300999,0.2615,0.277601,95900339,26551552.37028
459,2021-01-08 03:00:00,2021-01-08 04:00:00,0.277103,0.296972,0.276001,0.286558,55168123,15950309.316817
460,2021-01-08 04:00:00,2021-01-08 05:00:00,0.28687,0.293,0.281204,0.290032,32215509,9297014.515976
461,2021-01-08 05:00:00,2021-01-08 06:00:00,0.290004,0.290999,0.277335,0.278805,26295258,7473092.046175
462,2021-01-08 06:00:00,2021-01-08 07:00:00,0.279073,0.298,0.275,0.294786,29109648,8380321.86715
463,2021-01-08 07:00:00,2021-01-08 08:00:00,0.29506,0.328,0.290311,0.327823,43213341,13490724.302934
464,2021-01-08 08:00:00,2021-01-08 09:00:00,0.327703,0.331,0.314234,0.322096,31367576,10101851.078582
465,2021-01-08 09:00:00,2021-01-08 10:00:00,0.322334,0.325454,0.308345,0.321227,21218385,6691751.182573
466,2021-01-08 10:00:00,2021-01-08 11:00:00,0.32166,0.323837,0.30907,0.320212,21494050,6818285.099438
467,2021-01-08 11:00:00,2021-01-08 12:00:00,0.320555,0.321976,0.305557,0.309105,17478981,5475905.357763
468,2021-01-08 12:00:00,2021-01-08 13:00:00,0.309322,0.313799,0.296104,0.302796,21016084,6413251.303018
469,2021-01-08 13:00:00,2021-01-08 14:00:00,0.302988,0.311282,0.295678,0.307808,20270347,6166526.107209
470,2021-01-08 14:00:00,2021-01-08 15:00:00,0.307808,0.310143,0.298,0.300997,15459427,4689354.577557
471,2021-01-08 15:00:00,2021-01-08 16:00:00,0.301144,0.303426,0.287649,0.294978,32876768,9684026.985548
472,2021-01-08 16:00:00,2021-01-08 17:00:00,0.29505,0.305888,0.292081,0.297875,22875687,6846925.706195
473,2021-01-08 17:00:00,2021-01-08 18:00:00,0.298008,0.3,0.293047,0.296125,14604024,4344122.32195
474,2021-01-08 18:00:00,2021-01-08 19:00:00,0.296357,0.298028,0.285,0.288718,26400516,7668822.065049
475,2021-01-08 19:00:00,2021-01-08 20:00:00,0.288899,0.295695,0.287521,0.288762,17904418,5211598.853034
476,2021-01-08 20:00:00,2021-01-08 21:00:00,0.288952,0.290805,0.277445,0.277727,32821186,9312420.152543
477,2021-01-08 21:00:00,2021-01-08 22:00:00,0.277581,0.288748,0.275242,0.2859,26552336,7510858.318623
478,2021-01-08 22:00:00,2021-01-08 23:00:00,0.2856,0.301246,0.283042,0.301183,23786002,6981810.558807
479,2021-01-08 23:00:00,2021-01-09 00:00:00,0.301001,0.303321,0.294672,0.297114,21699817,6482055.375258
480,2021-01-09 00:00:00,2021-01-09 01:00:00,0.297194,0.305,0.2845,0.288654,20075091,5933207.930441
481,2021-01-09 01:00:00,2021-01-09 02:00:00,0.288685,0.290117,0.281001,0.288728,14133016,4046227.777697
482,2021-01-09 02:00:00,2021-01-09 03:00:00,0.289025,0.2975,0.285325,0.290917,14592385,4248656.779574
483,2021-01-09 03:00:00,2021-01-09 04:00:00,0.29076,0.302757,0.289102,0.296607,18278644,5414941.807632
484,2021-01-09 04:00:00,2021-01-09 05:00:00,0.296622,0.29666,0.289536,0.290983,9505787,2784212.248774
485,2021-01-09 05:00:00,2021-01-09 06:00:00,0.291255,0.291255,0.281714,0.283632,10841657,3111838.390111
486,2021-01-09 06:00:00,2021-01-09 07:00:00,0.283558,0.289999,0.281882,0.287462,7518054,2154768.348942
487,2021-01-09 07:00:00,2021-01-09 08:00:00,0.287479,0.289973,0.284895,0.28837,6333796,1821218.907238
488,2021-01-09 08:00:00,2021-01-09 09:00:00,0.288541,0.294988,0.285427,0.293886,7305563,2121264.510435
489,2021-01-09 09:00:00,2021-01-09 10:00:00,0.293888,0.296,0.291364,0.292031,4340458,1274632.050876
490,2021-01-09 10:00:00,2021-01-09 11:00:00,0.292058,0.302472,0.288201,0.299317,6943875,2050976.651935
491,2021-01-09 11:00:00,2021-01-09 12:00:00,0.299294,0.3,0.291642,0.295016,8394505,2493025.665903
492,2021-01-09 12:00:00,2021-01-09 13:00:00,0.294917,0.297815,0.2915,0.296,9468627,2786644.642433
493,2021-01-09 13:00:00,2021-01-09 14:00:00,0.295921,0.318,0.294601,0.311182,22303480,6859174.910888
494,2021-01-09 14:00:00,2021-01-09 15:00:00,0.311634,0.312119,0.303,0.303427,16748631,5141666.98843
495,2021-01-09 15:00:00,2021-01-09 16:00:00,0.303736,0.307321,0.298599,0.299277,11604895,3508634.17485
496,2021-01-09 16:00:00,2021-01-09 17:00:00,0.299278,0.306999,0.2957,0.2984,24114917,7262278.318615
497,2021-01-09 17:00:00,2021-01-09 18:00:00,0.29775,0.311,0.29713,0.310192,16192003,4890931.964292
498,2021-01-09 18:00:00,2021-01-09 19:00:00,0.310332,0.31082,0.303101,0.305606,14330690,4385737.520158
499,2021-01-09 19:00:00,2021-01-09 20:00:00,0.305605,0.31636,0.30526,0.314406,20978497,6512858.339253
500,2021-01-09 20:00:00,2021-01-09 21:00:00,0.31439,0.33,0.306502,0.322184,46675824,14931489.386455
501,2021-01-09 21:00:00,2021-01-09 22:00:00,0.32206,0.324409,0.315516,0.319209,25829928,8240612.87557
502,2021-01-09 22:00:00,2021-01-09 23:00:00,0.319209,0.319784,0.307379,0.314524,17765217,5585752.132708
503,2021-01-09 23:00:00,2021-01-10 00:00:00,0.314616,0.319,0.308769,0.312323,12661963,3977345.929928
504,2021-01-10 00:00:00,2021-01-10 01:00:00,0.312306,0.321689,0.311399,0.316582,14503660,4577852.508589
505,2021-01-10 01:00:00,2021-01-10 02:00:00,0.316389,0.320432,0.3135,0.315885,14074493,4451898.945453
506,2021-01-10 02:00:00,2021-01-10 03:00:00,0.315746,0.317962,0.312155,0.316601,12137444,3817167.42491
507,2021-01-10 03:00:00,2021-01-10 04:00:00,0.316899,0.316966,0.31,0.311453,9990930,3132212.992536
508,2021-01-10 04:00:00,2021-01-10 05:00:00,0.311539,0.316,0.310089,0.311937,7877815,2466534.695199
509,2021-01-10 05:00:00,2021-01-10 06:00:00,0.312447,0.326313,0.311324,0.318922,19083396,6071211.853319
510,2021-01-10 06:00:00,2021-01-10 07:00:00,0.318917,0.326218,0.317024,0.320118,15737621,5061954.628186
511,2021-01-10 07:00:00,2021-01-10 08:00:00,0.320118,0.32201,0.316,0.319534,8523192,2712983.033266
512,2021-01-10 08:00:00,2021-01-10 09:00:00,0.319834,0.321609,0.313305,0.315639,7159236,2266222.50052
513,2021-01-10 09:00:00,2021-01-10 10:00:00,0.315915,0.3202,0.31329,0.313486,5100499,1619248.982149
514,2021-01-10 10:00:00,2021-01-10 11:00:00,0.31349,0.313925,0.297459,0.305166,15279668,4667160.854474
515,2021-01-10 11:00:00,2021-01-10 12:00:00,0.305213,0.30658,0.288545,0.291793,17746159,5247420.027913
516,2021-01-10 12:00:00,2021-01-10 13:00:00,0.291758,0.3025,0.287,0.298836,10871334,3226144.02286
517,2021-01-10 13:00:00,2021-01-10 14:00:00,0.299169,0.304806,0.29711,0.300261,9600446,2892074.36425
518,2021-01-10 14:00:00,2021-01-10 15:00:00,0.300261,0.300318,0.2907,0.292893,11990544,3549282.802816
519,2021-01-10 15:00:00,2021-01-10 16:00:00,0.293172,0.298408,0.289,0.295406,9585421,2820776.198718
520,2021-01-10 16:00:00,2021-01-10 17:00:00,0.295192,0.296192,0.289201,0.290448,11438551,3344568.134966
521,2021-01-10 17:00:00,2021-01-10 18:00:00,0.290479,0.291804,0.2785,0.29062,25703663,7335109.356431
522,2021-01-10 18:00:00,2021-01-10 19:00:00,0.290846,0.296777,0.285103,0.287248,15837154,4601730.363088
523,2021-01-10 19:00:00,2021-01-10 20:00:00,0.287258,0.291259,0.2809,0.281767,11965813,3427803.228841
524,2021-01-10 20:00:00,2021-01-10 21:00:00,0.282537,0.284955,0.261,0.28435,48631855,13332373.800667
525,2021-01-10 21:00:00,2021-01-10 22:00:00,0.284102,0.290375,0.283643,0.288135,19652396,5637819.193273
526,2021-01-10 22:00:00,2021-01-10 23:00:00,0.288343,0.294318,0.285,0.287682,13206508,3828533.638003
527,2021-01-10 23:00:00,2021-01-11 00:00:00,0.287754,0.289548,0.284583,0.2849,6777622,1943944.147057
528,2021-01-11 00:00:00,2021-01-11 01:00:00,0.2848,0.285609,0.273605,0.275657,16507954,4607579.093072
529,2021-01-11 01:00:00,2021-01-11 02:00:00,0.275814,0.277633,0.266,0.273047,21196969,5786605.205317
530,2021-01-11 02:00:00,2021-01-11 03:00:00,0.272912,0.27508,0.263971,0.26972,30049996,8093188.217615
531,2021-01-11 03:00:00,2021-01-11 04:00:00,0.269148,0.271725,0.22719,0.252727,71348924,17663392.749783
532,2021-01-11 04:00:00,2021-01-11 05:00:00,0.252779,0.26,0.243688,0.2556,46889459,11900988.067038
533,2021-01-11 05:00:00,2021-01-11 06:00:00,0.255843,0.26104,0.2484,0.251418,27134402,6922766.039905
534,2021-01-11 06:00:00,2021-01-11 07:00:00,0.251374,0.251659,0.23342,0.237175,38463814,9335876.732233
535,2021-01-11 07:00:00,2021-01-11 08:00:00,0.237718,0.25532,0.23342,0.2491,27750963,6782256.288548
536,2021-01-11 08:00:00,2021-01-11 09:00:00,0.249107,0.260797,0.2471,0.256598,19726966,5062245.178508
537,2021-01-11 09:00:00,2021-01-11 10:00:00,0.256501,0.257539,0.247716,0.257075,10571066,2669862.362895
538,2021-01-11 10:00:00,2021-01-11 11:00:00,0.257309,0.264,0.255836,0.257025,17861412,4641139.41619
539,2021-01-11 11:00:00,2021-01-11 12:00:00,0.256937,0.257878,0.2445,0.245181,14478971,3625524.659984
540,2021-01-11 12:00:00,2021-01-11 13:00:00,0.245852,0.250607,0.24,0.245356,20333062,4990668.992463
541,2021-01-11 13:00:00,2021-01-11 14:00:00,0.245196,0.247486,0.238511,0.2399,22965516,5563907.202018
542,2021-01-11 14:00:00,2021-01-11 15:00:00,0.239713,0.242899,0.223,0.238528,42220334,9900754.546646
543,2021-01-11 15:00:00,2021-01-11 16:00:00,0.238477,0.243174,0.227084,0.228615,32156560,7561312.042989
544,2021-01-11 16:00:00,2021-01-11 17:00:00,0.228615,0.23,0.2079,0.223686,67706091,14763650.573408
545,2021-01-11 17:00:00,2021-01-11 18:00:00,0.223886,0.2398,0.214453,0.233381,54212105,12355771.564502
546,2021-01-11 18:00:00,2021-01-11 19:00:00,0.233425,0.24155,0.23,0.2335,24358961,5752441.29258
547,2021-01-11 19:00:00,2021-01-11 20:00:00,0.233546,0.236386,0.225,0.230223,23254175,5348288.362428
548,2021-01-11 20:00:00,2021-01-11 21:00:00,0.229787,0.2385,0.224713,0.237569,19374808,4464820.483207
549,2021-01-11 21:00:00,2021-01-11 22:00:00,0.237591,0.247702,0.233867,0.240307,28288510,6812571.133911
550,2021-01-11 22:00:00,2021-01-11 23:00:00,0.240835,0.24983,0.2391,0.248802,17756700,4377427.058409
551,2021-01-11 23:00:00,2021-01-12 00:00:00,0.248704,0.276812,0.2485,0.271443,43544588,11415715.305803
552,2021-01-12 00:00:00,2021-01-12 01:00:00,0.271673,0.272129,0.2535,0.26378,27132295,7101221.040291
553,2021-01-12 01:00:00,2021-01-12 02:00:00,0.263771,0.2789,0.261502,0.263474,32161297,8682765.582869
554,2021-01-12 02:00:00,2021-01-12 03:00:00,0.263524,0.274794,0.262055,0.271906,24050059,6465646.702355
555,2021-01-12 03:00:00,2021-01-12 04:00:00,0.272,0.31,0.269686,0.299008,87891048,25810767.659165
556,2021-01-12 04:00:00,2021-01-12 05:00:00,0.298719,0.305,0.288008,0.300673,41668188,12366102.263936
557,2021-01-12 05:00:00,2021-01-12 06:00:00,0.301067,0.3025,0.289642,0.29475,21117725,6241350.659543
558,2021-01-12 06:00:00,2021-01-12 07:00:00,0.294843,0.311608,0.293574,0.300766,33619060,10203361.929585
559,2021-01-12 07:00:00,2021-01-12 08:00:00,0.300463,0.304899,0.292639,0.299674,15426531,4611187.668555
560,2021-01-12 08:00:00,2021-01-12 09:00:00,0.299214,0.301772,0.281826,0.289716,15028706,4395778.459228
561,2021-01-12 09:00:00,2021-01-12 10:00:00,0.289561,0.2925,0.284283,0.289034,12334011,3554339.464049
562,2021-01-12 10:00:00,2021-01-12 11:00:00,0.289029,0.292712,0.274219,0.283307,17630563,4950879.654068
563,2021-01-12 11:00:00,2021-01-12 12:00:00,0.283639,0.293444,0.283506,0.287389,12328304,3555048.130121
564,2021-01-12 12:00:00,2021-01-12 13:00:00,0.287504,0.293698,0.281798,0.286123,11266235,3232608.292512
565,2021-01-12 13:00:00,2021-01-12 14:00:00,0.286363,0.289693,0.2681,0.269355,27027503,7477082.453959
566,2021-01-12 14:00:00,2021-01-12 15:00:00,0.269399,0.278433,0.265336,0.273487,26403700,7165993.036483
567,2021-01-12 15:00:00,2021-01-12 16:00:00,0.27366,0.287909,0.273441,0.282254,23215365,6544160.603536
568,2021-01-12 16:00:00,2021-01-12 17:00:00,0.28224,0.299,0.282085,0.293181,26423771,7732740.411671
569,2021-01-12 17:00:00,2021-01-12 18:00:00,0.293181,0.294751,0.283651,0.286057,18628261,5367425.417203
570,2021-01-12 18:00:00,2021-01-12 19:00:00,0.285947,0.292499,0.281053,0.284564,17311164,4955768.02701
571,2021-01-12 19:00:00,2021-01-12 20:00:00,0.28468,0.28468,0.276862,0.28234,16066628,4512943.001735
572,2021-01-12 20:00:00,2021-01-12 21:00:00,0.282161,0.284304,0.276486,0.283132,13788098,3871218.393793
573,2021-01-12 21:00:00,2021-01-12 22:00:00,0.283046,0.286307,0.27527,0.284288,13563342,3804519.593636
574,2021-01-12 22:00:00,2021-01-12 23:00:00,0.284238,0.28856,0.273734,0.277793,14764708,4138520.56758
575,2021-01-12 23:00:00,2021-01-13 00:00:00,0.277619,0.281,0.274065,0.279541,14835329,4110919.313169
576,2021-01-13 00:00:00,2021-01-13 01:00:00,0.279605,0.291333,0.272,0.272894,30770609,8631658.001598
577,2021-01-13 01:00:00,2021-01-13 02:00:00,0.273004,0.281338,0.272883,0.279715,17670095,4901033.216733
578,2021-01-13 02:00:00,2021-01-13 03:00:00,0.279594,0.285281,0.2753,0.278268,15963380,4455089.757655
579,2021-01-13 03:00:00,2021-01-13 04:00:00,0.278159,0.286833,0.277746,0.281072,14685972,4150959.5
580,2021-01-13 04:00:00,2021-01-13 05:00:00,0.280744,0.282506,0.277,0.278364,9064646,2531929.518412
581,2021-01-13 05:00:00,2021-01-13 06:00:00,0.278362,0.28243,0.276301,0.281931,9018201,2519735.081337
582,2021-01-13 06:00:00,2021-01-13 07:00:00,0.281932,0.290493,0.281224,0.28369,12668391,3614905.189431
583,2021-01-13 07:00:00,2021-01-13 08:00:00,0.283853,0.29,0.282501,0.288315,7374230,2120457.275111
584,2021-01-13 08:00:00,2021-01-13 09:00:00,0.288308,0.288712,0.283505,0.285088,4859010,1387121.027629
585,2021-01-13 09:00:00,2021-01-13 10:00:00,0.285269,0.293901,0.28475,0.286267,7182609,2076985.641876
586,2021-01-13 10:00:00,2021-01-13 11:00:00,0.286506,0.296633,0.286506,0.293574,8967015,2625776.35503
587,2021-01-13 11:00:00,2021-01-13 12:00:00,0.293544,0.297444,0.2879,0.289347,7212249,2108090.411183
588,2021-01-13 12:00:00,2021-01-13 13:00:00,0.289583,0.291555,0.285575,0.290669,6871448,1988717.120652
589,2021-01-13 13:00:00,2021-01-13 14:00:00,0.290701,0.294725,0.287958,0.2915,7569418,2213472.926571
590,2021-01-13 14:00:00,2021-01-13 15:00:00,0.291298,0.295621,0.287106,0.288169,7588984,2219516.542601
591,2021-01-13 15:00:00,2021-01-13 16:00:00,0.288349,0.292725,0.288146,0.290401,5916816,1718029.804535
592,2021-01-13 16:00:00,2021-01-13 17:00:00,0.290665,0.293,0.288729,0.290931,6801011,1973725.594023
593,2021-01-13 17:00:00,2021-01-13 18:00:00,0.2907,0.293097,0.289075,0.290398,8084391,2352054.673388
594,2021-01-13 18:00:00,2021-01-13 19:00:00,0.290218,0.298169,0.289901,0.296,13881963,4096292.087307
595,2021-01-13 19:00:00,2021-01-13 20:00:00,0.296,0.297737,0.292928,0.297051,13075466,3876568.739919
596,2021-01-13 20:00:00,2021-01-13 21:00:00,0.297149,0.304013,0.294132,0.301371,27829389,8348775.164854
597,2021-01-13 21:00:00,2021-01-13 22:00:00,0.301371,0.309734,0.298906,0.306581,20261348,6155806.460321
598,2021-01-13 22:00:00,2021-01-13 23:00:00,0.306581,0.31,0.300024,0.302124,20361981,6197249.160208
599,2021-01-13 23:00:00,2021-01-14 00:00:00,0.302124,0.3055,0.300903,0.303965,9014511,2729767.556157
600,2021-01-14 00:00:00,2021-01-14 01:00:00,0.303965,0.309803,0.3025,0.303538,14420866,4422692.21002
601,2021-01-14 01:00:00,2021-01-14 02:00:00,0.303744,0.3038,0.2949,0.296974,14337827,4284815.3066
602,2021-01-14 02:00:00,2021-01-14 03:00:00,0.297062,0.298648,0.285648,0.294155,18798902,5495030.385449
603,2021-01-14 03:00:00,2021-01-14 04:00:00,0.294149,0.294999,0.289898,0.291299,11213885,3281125.452605
604,2021-01-14 04:00:00,2021-01-14 05:00:00,0.291303,0.294998,0.286251,0.294652,10829000,3156770.833534
605,2021-01-14 05:00:00,2021-01-14 06:00:00,0.294895,0.295414,0.291598,0.292965,6066206,1781452.36942
606,2021-01-14 06:00:00,2021-01-14 07:00:00,0.292782,0.298,0.292666,0.296003,5575814,1648090.002333
607,2021-01-14 07:00:00,2021-01-14 08:00:00,0.296106,0.301517,0.2952,0.298114,8345677,2496394.83578
608,2021-01-14 08:00:00,2021-01-14 09:00:00,0.2981,0.3024,0.296315,0.296918,4976030,1489903.036485
609,2021-01-14 09:00:00,2021-01-14 10:00:00,0.296625,0.297605,0.2932,0.29469,3842399,1134935.401275
610,2021-01-14 10:00:00,2021-01-14 11:00:00,0.294496,0.301874,0.293451,0.301874,3115129,924567.106196
611,2021-01-14 11:00:00,2021-01-14 12:00:00,0.301711,0.303766,0.295475,0.298644,5992907,1793058.70718
612,2021-01-14 12:00:00,2021-01-14 13:00:00,0.298324,0.3,0.29471,0.299566,4729817,1408503.437216
613,2021-01-14 13:00:00,2021-01-14 14:00:00,0.299566,0.303561,0.29791,0.30226,7696222,2313539.744275
614,2021-01-14 14:00:00,2021-01-14 15:00:00,0.302169,0.3045,0.299898,0.30138,11439020,3455355.577335
615,2021-01-14 15:00:00,2021-01-14 16:00:00,0.301406,0.301998,0.297926,0.298665,9404496,2823904.912104
616,2021-01-14 16:00:00,2021-01-14 17:00:00,0.298639,0.324,0.298343,0.313199,36472358,11432633.858795
617,2021-01-14 17:00:00,2021-01-14 18:00:00,0.313251,0.319111,0.305137,0.305289,23964440,7509961.012665
618,2021-01-14 18:00:00,2021-01-14 19:00:00,0.305286,0.309826,0.302,0.304352,13074605,4001069.438108
619,2021-01-14 19:00:00,2021-01-14 20:00:00,0.304652,0.308782,0.303429,0.307201,7474701,2293346.803418
620,2021-01-14 20:00:00,2021-01-14 21:00:00,0.307727,0.307927,0.2965,0.297994,13748762,4151802.865981
621,2021-01-14 21:00:00,2021-01-14 22:00:00,0.297981,0.300731,0.288965,0.299094,24691636,7250525.361192
622,2021-01-14 22:00:00,2021-01-14 23:00:00,0.299292,0.301145,0.293048,0.297824,10599681,3150211.255101
623,2021-01-14 23:00:00,2021-01-15 00:00:00,0.297853,0.303791,0.297521,0.303218,5868868,1764830.496438
624,2021-01-15 00:00:00,2021-01-15 01:00:00,0.303149,0.30548,0.298274,0.301027,8489207,2565527.091035
625,2021-01-15 01:00:00,2021-01-15 02:00:00,0.301156,0.313574,0.3,0.30271,18493582,5666708.790607
626,2021-01-15 02:00:00,2021-01-15 03:00:00,0.302785,0.30688,0.298413,0.306012,9590774,2918836.062632
627,2021-01-15 03:00:00,2021-01-15 04:00:00,0.305948,0.305948,0.297049,0.299799,9639394,2899064.247161
628,2021-01-15 04:00:00,2021-01-15 05:00:00,0.299404,0.301269,0.295545,0.29591,6920964,2060870.661582
629,2021-01-15 05:00:00,2021-01-15 06:00:00,0.295798,0.300186,0.29,0.290378,9666205,2852407.401813
630,2021-01-15 06:00:00,2021-01-15 07:00:00,0.290132,0.296984,0.289515,0.296043,10150925,2975274.414127
631,2021-01-15 07:00:00,2021-01-15 08:00:00,0.295796,0.297862,0.291595,0.297566,4984319,1474308.843609
632,2021-01-15 08:00:00,2021-01-15 09:00:00,0.297645,0.298805,0.294721,0.29566,4058476,1203292.288382
633,2021-01-15 09:00:00,2021-01-15 10:00:00,0.29566,0.298244,0.292,0.297033,5907796,1747601.935538
634,2021-01-15 10:00:00,2021-01-15 11:00:00,0.296872,0.299971,0.296,0.296965,3747498,1117002.504572
635,2021-01-15 11:00:00,2021-01-15 12:00:00,0.297071,0.304,0.295342,0.297075,6515308,1954214.75299
636,2021-01-15 12:00:00,2021-01-15 13:00:00,0.297165,0.298041,0.290324,0.29459,5814429,1706990.011409
637,2021-01-15 13:00:00,2021-01-15 14:00:00,0.294545,0.295,0.290039,0.294922,7419629,2170536.173524
638,2021-01-15 14:00:00,2021-01-15 15:00:00,0.295,0.296627,0.283403,0.28815,15636622,4522120.183348
639,2021-01-15 15:00:00,2021-01-15 16:00:00,0.288341,0.288404,0.27,0.2714,25461389,7146818.236983
640,2021-01-15 16:00:00,2021-01-15 17:00:00,0.271284,0.283596,0.26,0.281246,40584555,11078471.575873
641,2021-01-15 17:00:00,2021-01-15 18:00:00,0.28118,0.28118,0.273578,0.279064,14765631,4110927.399194
642,2021-01-15 18:00:00,2021-01-15 19:00:00,0.278749,0.28472,0.2725,0.276966,12867702,3584181.275168
643,2021-01-15 19:00:00,2021-01-15 20:00:00,0.277193,0.280444,0.27434,0.274553,5992496,1665542.231818
644,2021-01-15 20:00:00,2021-01-15 21:00:00,0.274941,0.279163,0.272169,0.278451,7739295,2132809.214735
645,2021-01-15 21:00:00,2021-01-15 22:00:00,0.278646,0.283831,0.277061,0.2819,7003831,1965601.035433
646,2021-01-15 22:00:00,2021-01-15 23:00:00,0.2819,0.284946,0.279228,0.2813,6203266,1750182.346174
647,2021-01-15 23:00:00,2021-01-16 00:00:00,0.2813,0.284896,0.280298,0.283976,5033073,1425507.008071
648,2021-01-16 00:00:00,2021-01-16 01:00:00,0.283954,0.292741,0.283942,0.289999,10276328,2966231.294614
649,2021-01-16 01:00:00,2021-01-16 02:00:00,0.289852,0.29256,0.285092,0.2861,9179389,2652799.674482
650,2021-01-16 02:00:00,2021-01-16 03:00:00,0.2861,0.288739,0.279576,0.282374,10404124,2950354.896836
651,2021-01-16 03:00:00,2021-01-16 04:00:00,0.282375,0.285874,0.280305,0.284686,4302831,1221399.096045
652,2021-01-16 04:00:00,2021-01-16 05:00:00,0.284798,0.285874,0.282307,0.28435,7525931,2135032.363789
653,2021-01-16 05:00:00,2021-01-16 06:00:00,0.284057,0.285244,0.277,0.28016,8195523,2297631.004645
654,2021-01-16 06:00:00,2021-01-16 07:00:00,0.28016,0.283607,0.279717,0.28243,4603573,1294472.24078
655,2021-01-16 07:00:00,2021-01-16 08:00:00,0.282947,0.28624,0.281826,0.284853,2635968,750531.127238
656,2021-01-16 08:00:00,2021-01-16 09:00:00,0.285008,0.29031,0.283728,0.288727,4122154,1185411.334841
657,2021-01-16 09:00:00,2021-01-16 10:00:00,0.288514,0.296,0.287201,0.29478,5279233,1543882.098829
658,2021-01-16 10:00:00,2021-01-16 11:00:00,0.294781,0.301853,0.292136,0.295729,12063114,3584041.216562
659,2021-01-16 11:00:00,2021-01-16 12:00:00,0.295672,0.30589,0.293421,0.303287,9893000,2980703.729299
660,2021-01-16 12:00:00,2021-01-16 13:00:00,0.303115,0.310955,0.294499,0.306481,18866834,5763018.791946
661,2021-01-16 13:00:00,2021-01-16 14:00:00,0.306194,0.311,0.300001,0.303104,15183166,4660357.570973
662,2021-01-16 14:00:00,2021-01-16 15:00:00,0.303306,0.305227,0.295805,0.3002,8620867,2593055.480986
663,2021-01-16 15:00:00,2021-01-16 16:00:00,0.300329,0.307825,0.297,0.302397,10120490,3059963.625953
664,2021-01-16 16:00:00,2021-01-16 17:00:00,0.302455,0.305504,0.295104,0.298519,13495204,4038111.521815
665,2021-01-16 17:00:00,2021-01-16 18:00:00,0.298726,0.299773,0.2942,0.297451,7793011,2316089.406536
666,2021-01-16 18:00:00,2021-01-16 19:00:00,0.297415,0.300222,0.292657,0.293587,7558433,2246222.718474
667,2021-01-16 19:00:00,2021-01-16 20:00:00,0.29362,0.298594,0.290913,0.297121,9724019,2860606.129573
668,2021-01-16 20:00:00,2021-01-16 21:00:00,0.296999,0.30016,0.294569,0.29888,5104891,1520348.515022
669,2021-01-16 21:00:00,2021-01-16 22:00:00,0.29888,0.29888,0.29001,0.291378,8177799,2395056.452241
670,2021-01-16 22:00:00,2021-01-16 23:00:00,0.291289,0.294065,0.2841,0.292415,8885735,2570442.209179
671,2021-01-16 23:00:00,2021-01-17 00:00:00,0.291956,0.294326,0.289426,0.290785,5289282,1545583.372879
672,2021-01-17 00:00:00,2021-01-17 01:00:00,0.290651,0.303517,0.286101,0.300557,19474263,5759130.127745
673,2021-01-17 01:00:00,2021-01-17 02:00:00,0.300116,0.31898,0.297505,0.318878,39722387,12279556.09371
674,2021-01-17 02:00:00,2021-01-17 03:00:00,0.318891,0.3189,0.305681,0.308226,24032579,7510590.201171
675,2021-01-17 03:00:00,2021-01-17 04:00:00,0.308215,0.31042,0.3016,0.308821,10556978,3235560.056513
676,2021-01-17 04:00:00,2021-01-17 05:00:00,0.308763,0.315,0.3033,0.306119,12816010,3974384.495497
677,2021-01-17 05:00:00,2021-01-17 06:00:00,0.306198,0.30869,0.298947,0.299662,8307919,2519907.083457
678,2021-01-17 06:00:00,2021-01-17 07:00:00,0.299027,0.30328,0.295439,0.301918,9230802,2760089.819473
679,2021-01-17 07:00:00,2021-01-17 08:00:00,0.301939,0.302379,0.290445,0.293345,11867146,3508496.361428
680,2021-01-17 08:00:00,2021-01-17 09:00:00,0.293345,0.29853,0.286938,0.298496,10290212,2999705.411889
681,2021-01-17 09:00:00,2021-01-17 10:00:00,0.298432,0.301543,0.2893,0.291168,5172494,1533340.574361
682,2021-01-17 10:00:00,2021-01-17 11:00:00,0.291292,0.3,0.28895,0.296513,4787594,1420165.488947
683,2021-01-17 11:00:00,2021-01-17 12:00:00,0.296527,0.3035,0.294824,0.302002,3246036,970615.650751
684,2021-01-17 12:00:00,2021-01-17 13:00:00,0.301855,0.302497,0.293796,0.296697,4073287,1216091.442823
685,2021-01-17 13:00:00,2021-01-17 14:00:00,0.296718,0.300967,0.291677,0.292786,3746905,1108210.964267
686,2021-01-17 14:00:00,2021-01-17 15:00:00,0.292684,0.297631,0.2915,0.295098,7772163,2297028.327424
687,2021-01-17 15:00:00,2021-01-17 16:00:00,0.295146,0.304794,0.294897,0.302844,8264157,2486178.667801
688,2021-01-17 16:00:00,2021-01-17 17:00:00,0.302754,0.304999,0.299614,0.301799,7238539,2186592.772024
689,2021-01-17 17:00:00,2021-01-17 18:00:00,0.302044,0.303,0.297149,0.298676,6434556,1927668.551407
690,2021-01-17 18:00:00,2021-01-17 19:00:00,0.298756,0.302274,0.298554,0.300072,6060597,1821044.990818
691,2021-01-17 19:00:00,2021-01-17 20:00:00,0.300451,0.304117,0.2975,0.298498,7021982,2116909.374627
692,2021-01-17 20:00:00,2021-01-17 21:00:00,0.298496,0.309999,0.298444,0.30663,10393273,3176543.353025
693,2021-01-17 21:00:00,2021-01-17 22:00:00,0.306657,0.30994,0.30192,0.306866,11821243,3621290.057485
694,2021-01-17 22:00:00,2021-01-17 23:00:00,0.306866,0.3111,0.3038,0.30695,13434475,4136412.133004
695,2021-01-17 23:00:00,2021-01-18 00:00:00,0.306951,0.309485,0.301803,0.303666,8390015,2571082.75324
696,2021-01-18 00:00:00,2021-01-18 01:00:00,0.303415,0.308826,0.303415,0.306434,8948708,2740300.688772
697,2021-01-18 01:00:00,2021-01-18 02:00:00,0.306176,0.307302,0.3041,0.306268,5942128,1816664.229601
698,2021-01-18 02:00:00,2021-01-18 03:00:00,0.306025,0.30761,0.3013,0.301757,7756117,2365418.081909
699,2021-01-18 03:00:00,2021-01-18 04:00:00,0.301833,0.303211,0.2931,0.295298,12453924,3701970.560201
700,2021-01-18 04:00:00,2021-01-18 05:00:00,0.294968,0.298272,0.294,0.295417,6041172,1789886.179143
701,2021-01-18 05:00:00,2021-01-18 06:00:00,0.295314,0.2991,0.294531,0.298624,4588673,1365904.299429
702,2021-01-18 06:00:00,2021-01-18 07:00:00,0.298675,0.2991,0.296108,0.296488,3825165,1138971.225811
703,2021-01-18 07:00:00,2021-01-18 08:00:00,0.296228,0.302876,0.295702,0.30181,8181717,2456313.355605
704,2021-01-18 08:00:00,2021-01-18 09:00:00,0.30181,0.305339,0.300815,0.301678,3478731,1055437.085932
705,2021-01-18 09:00:00,2021-01-18 10:00:00,0.301502,0.302917,0.299793,0.301054,4666903,1406298.513775
706,2021-01-18 10:00:00,2021-01-18 11:00:00,0.300924,0.301213,0.297136,0.298882,3490574,1043286.450352
707,2021-01-18 11:00:00,2021-01-18 12:00:00,0.298782,0.29924,0.294768,0.298092,3165526,938025.099933
708,2021-01-18 12:00:00,2021-01-18 13:00:00,0.298396,0.302163,0.297283,0.298325,9659483,2900330.14643
709,2021-01-18 13:00:00,2021-01-18 14:00:00,0.298477,0.301612,0.297715,0.298234,6247927,1874988.32541
710,2021-01-18 14:00:00,2021-01-18 15:00:00,0.298283,0.301452,0.295841,0.298968,5004178,1496096.327806
711,2021-01-18 15:00:00,2021-01-18 16:00:00,0.299018,0.300743,0.297147,0.299842,5682805,1697055.850449
712,2021-01-18 16:00:00,2021-01-18 17:00:00,0.299757,0.3012,0.297232,0.299087,4486120,1340239.022266
713,2021-01-18 17:00:00,2021-01-18 18:00:00,0.298914,0.302153,0.2959,0.297679,6704498,1998564.941296
714,2021-01-18 18:00:00,2021-01-18 19:00:00,0.297558,0.299117,0.296638,0.297489,4106405,1224337.620747
715,2021-01-18 19:00:00,2021-01-18 20:00:00,0.297456,0.3,0.296773,0.299999,4650112,1387759.306536
716,2021-01-18 20:00:00,2021-01-18 21:00:00,0.299999,0.3,0.2975,0.297718,4073120,1216149.847763
717,2021-01-18 21:00:00,2021-01-18 22:00:00,0.29774,0.300999,0.297402,0.300078,7465421,2234341.745388
718,2021-01-18 22:00:00,2021-01-18 23:00:00,0.299953,0.303804,0.299214,0.302392,6647430,2005903.100733
719,2021-01-18 23:00:00,2021-01-19 00:00:00,0.302417,0.305,0.300663,0.304989,6240103,1892587.541617
720,2021-01-19 00:00:00,2021-01-19 01:00:00,0.304773,0.306,0.300704,0.301349,7444599,2258666.146991
721,2021-01-19 01:00:00,2021-01-19 02:00:00,0.301349,0.309999,0.301349,0.306026,14583472,4449201.697415
722,2021-01-19 02:00:00,2021-01-19 03:00:00,0.306154,0.307,0.301368,0.301852,9802541,2981272.133339
723,2021-01-19 03:00:00,2021-01-19 04:00:00,0.301974,0.304318,0.300881,0.301858,6401611,1934679.235787
724,2021-01-19 04:00:00,2021-01-19 05:00:00,0.302023,0.30431,0.301501,0.301871,4736959,1435288.797762
725,2021-01-19 05:00:00,2021-01-19 06:00:00,0.301712,0.311999,0.299269,0.311568,19318891,5856342.954403
726,2021-01-19 06:00:00,2021-01-19 07:00:00,0.311585,0.318333,0.305575,0.307902,26030389,8106900.521922
727,2021-01-19 07:00:00,2021-01-19 08:00:00,0.308041,0.310458,0.30531,0.31002,3920419,1206617.881048
728,2021-01-19 08:00:00,2021-01-19 09:00:00,0.310375,0.319835,0.31,0.313817,13051849,4111311.487087
729,2021-01-19 09:00:00,2021-01-19 10:00:00,0.313811,0.3169,0.311707,0.312379,5656685,1775642.940771
730,2021-01-19 10:00:00,2021-01-19 11:00:00,0.31246,0.317102,0.310452,0.312575,3578578,1123189.208528
731,2021-01-19 11:00:00,2021-01-19 12:00:00,0.312609,0.314878,0.308317,0.311158,6088608,1896067.509241
732,2021-01-19 12:00:00,2021-01-19 13:00:00,0.311285,0.313,0.306181,0.308888,8304439,2577814.693282
733,2021-01-19 13:00:00,2021-01-19 14:00:00,0.308961,0.311912,0.308961,0.309665,4637799,1437358.564043
734,2021-01-19 14:00:00,2021-01-19 15:00:00,0.309786,0.310099,0.306818,0.309854,5508224,1700884.674375
735,2021-01-19 15:00:00,2021-01-19 16:00:00,0.309865,0.314655,0.307434,0.314312,8847134,2750391.132281
736,2021-01-19 16:00:00,2021-01-19 17:00:00,0.314344,0.318999,0.31108,0.3116,14764038,4650032.218968
737,2021-01-19 17:00:00,2021-01-19 18:00:00,0.311334,0.312248,0.309351,0.309645,8615273,2679586.358417
738,2021-01-19 18:00:00,2021-01-19 19:00:00,0.309664,0.310114,0.299391,0.300604,13094488,4003904.264755
739,2021-01-19 19:00:00,2021-01-19 20:00:00,0.300684,0.305192,0.293593,0.300086,13374624,4015650.481756
740,2021-01-19 20:00:00,2021-01-19 21:00:00,0.299843,0.304053,0.298276,0.303389,4625067,1390656.894295
741,2021-01-19 21:00:00,2021-01-19 22:00:00,0.303195,0.305693,0.300526,0.301822,6455128,1957695.160013
742,2021-01-19 22:00:00,2021-01-19 23:00:00,0.301813,0.304717,0.300178,0.30422,2705057,818577.787561
743,2021-01-19 23:00:00,2021-01-20 00:00:00,0.304407,0.304766,0.298,0.298107,5697197,1715874.77867
744,2021-01-20 00:00:00,2021-01-20 01:00:00,0.298,0.301581,0.295,0.300623,10524854,3144569.170166
745,2021-01-20 01:00:00,2021-01-20 02:00:00,0.300565,0.300923,0.297225,0.298296,3705559,1107988.222551
746,2021-01-20 02:00:00,2021-01-20 03:00:00,0.298364,0.300931,0.295288,0.300556,4807815,1431759.914905
747,2021-01-20 03:00:00,2021-01-20 04:00:00,0.300349,0.301874,0.29,0.290899,15128043,4449781.758368
748,2021-01-20 04:00:00,2021-01-20 05:00:00,0.290907,0.292386,0.285,0.291275,11693578,3387525.058582
749,2021-01-20 05:00:00,2021-01-20 06:00:00,0.291275,0.295,0.290831,0.294748,4157117,1218554.029593
750,2021-01-20 06:00:00,2021-01-20 07:00:00,0.294753,0.294933,0.288321,0.289205,3439135,1004387.487744
751,2021-01-20 07:00:00,2021-01-20 08:00:00,0.289205,0.299279,0.289,0.295731,5063118,1498719.135754
752,2021-01-20 08:00:00,2021-01-20 09:00:00,0.295809,0.296336,0.291224,0.292048,2374885,696202.54022
753,2021-01-20 09:00:00,2021-01-20 10:00:00,0.29232,0.293602,0.282636,0.28524,6642809,1904459.835789
754,2021-01-20 10:00:00,2021-01-20 11:00:00,0.284942,0.286846,0.278,0.28474,12041278,3397099.841074
755,2021-01-20 11:00:00,2021-01-20 12:00:00,0.28465,0.287393,0.277102,0.280165,5888682,1655726.066631
756,2021-01-20 12:00:00,2021-01-20 13:00:00,0.280162,0.284694,0.275062,0.283314,9307890,2607025.01388
757,2021-01-20 13:00:00,2021-01-20 14:00:00,0.283301,0.286392,0.277616,0.285865,6293579,1775599.565873
758,2021-01-20 14:00:00,2021-01-20 15:00:00,0.286093,0.286568,0.283189,0.283895,5861226,1670792.629276
759,2021-01-20 15:00:00,2021-01-20 16:00:00,0.283895,0.286231,0.278642,0.279932,5754814,1627628.475725
760,2021-01-20 16:00:00,2021-01-20 17:00:00,0.279558,0.285301,0.275,0.284987,11472961,3219335.476562
761,2021-01-20 17:00:00,2021-01-20 18:00:00,0.284707,0.288959,0.283767,0.288387,5795124,1654757.394232
762,2021-01-20 18:00:00,2021-01-20 19:00:00,0.288215,0.29023,0.286678,0.28941,4938481,1423784.401448
763,2021-01-20 19:00:00,2021-01-20 20:00:00,0.28957,0.294541,0.289129,0.294071,6731146,1964270.676253
764,2021-01-20 20:00:00,2021-01-20 21:00:00,0.294114,0.295211,0.290563,0.292098,4611083,1351938.270651
765,2021-01-20 21:00:00,2021-01-20 22:00:00,0.292,0.29309,0.286199,0.29095,4047751,1168896.046734
766,2021-01-20 22:00:00,2021-01-20 23:00:00,0.290797,0.292297,0.288651,0.291616,3329541,968669.878082
